update,chosen_index,current_train_error,pocket_train_error,current_w0,current_w1,current_w2,pocket_w0,pocket_w1,pocket_w2,current_test_error,pocket_test_error
0,-1,0.39784301977231873,0.39784301977231873,0.0,0.0,0.0,0.0,0.0,0.0,0.391705069124424,0.391705069124424
1,1404,0.6021569802276813,0.39784301977231873,-1.0,0.5375546875,-0.389484375,0.0,0.0,0.0,0.6082949308755761,0.391705069124424
2,1081,0.04373876572798083,0.04373876572798083,0.0,-0.14298828124999996,-0.3126015625,0.0,-0.14298828124999996,-0.3126015625,0.06682027649769585,0.06682027649769585
3,840,0.6021569802276813,0.04373876572798083,-1.0,0.58962109375,-0.6118515625000001,0.0,-0.14298828124999996,-0.3126015625,0.6082949308755761,0.06682027649769585
4,436,0.6021569802276813,0.04373876572798083,0.0,-0.005257812499999903,-0.38743750000000005,0.0,-0.14298828124999996,-0.3126015625,0.6082949308755761,0.06682027649769585
5,475,0.39784301977231873,0.04373876572798083,1.0,-0.7528710937499999,-0.3040390625,0.0,-0.14298828124999996,-0.3126015625,0.391705069124424,0.06682027649769585
6,65,0.2546434991012582,0.04373876572798083,0.0,-0.11572656250000002,-0.7412812500000001,0.0,-0.14298828124999996,-0.3126015625,0.26497695852534564,0.06682027649769585
7,137,0.39784301977231873,0.04373876572798083,1.0,-0.8251093749999999,-0.6193437500000001,0.0,-0.14298828124999996,-0.3126015625,0.391705069124424,0.06682027649769585
8,22,0.08867585380467345,0.04373876572798083,0.0,-0.26458593750000003,-0.9985625,0.0,-0.14298828124999996,-0.3126015625,0.10829493087557604,0.06682027649769585
9,358,0.39784301977231873,0.04373876572798083,1.0,-0.76303515625,-0.8343984375,0.0,-0.14298828124999996,-0.3126015625,0.391705069124424,0.06682027649769585
10,1334,0.07789095266626722,0.04373876572798083,0.0,-0.7157968749999999,-1.305234375,0.0,-0.14298828124999996,-0.3126015625,0.06912442396313365,0.06682027649769585
11,1114,0.6021569802276813,0.04373876572798083,-1.0,-0.059171874999999874,-1.470640625,0.0,-0.14298828124999996,-0.3126015625,0.6082949308755761,0.06682027649769585
12,1535,0.0689035350509287,0.04373876572798083,0.0,-0.7075703124999999,-1.3252968749999998,0.0,-0.14298828124999996,-0.3126015625,0.06682027649769585,0.06682027649769585
13,883,0.6021569802276813,0.04373876572798083,-1.0,-0.10817187499999992,-1.6152031249999999,0.0,-0.14298828124999996,-0.3126015625,0.6082949308755761,0.06682027649769585
14,1017,0.08448172558418214,0.04373876572798083,0.0,-0.8536562499999999,-1.4552187499999998,0.0,-0.14298828124999996,-0.3126015625,0.07603686635944701,0.06682027649769585
15,1613,0.6021569802276813,0.04373876572798083,-1.0,-0.3580312499999999,-1.7014999999999998,0.0,-0.14298828124999996,-0.3126015625,0.6082949308755761,0.06682027649769585
16,1248,0.12043139604553625,0.04373876572798083,0.0,-1.11722265625,-1.6599921874999999,0.0,-0.14298828124999996,-0.3126015625,0.10138248847926268,0.06682027649769585
17,1020,0.6021569802276813,0.04373876572798083,-1.0,-0.45369921874999997,-1.9920390625,0.0,-0.14298828124999996,-0.3126015625,0.6082949308755761,0.06682027649769585
18,906,0.1030557219892151,0.04373876572798083,0.0,-1.212765625,-1.8893125,0.0,-0.14298828124999996,-0.3126015625,0.09216589861751152,0.06682027649769585
19,942,0.6021569802276813,0.04373876572798083,-1.0,-0.5243671875,-2.233515625,0.0,-0.14298828124999996,-0.3126015625,0.6082949308755761,0.06682027649769585
20,1567,0.1048532055122828,0.04373876572798083,0.0,-1.2699687499999999,-1.9681093749999998,0.0,-0.14298828124999996,-0.3126015625,0.0944700460829493,0.06682027649769585
21,566,0.6021569802276813,0.04373876572798083,-1.0,-0.5767382812499999,-2.3278359374999997,0.0,-0.14298828124999996,-0.3126015625,0.6082949308755761,0.06682027649769585
22,1372,0.0689035350509287,0.04373876572798083,0.0,-1.17858984375,-2.2030234374999997,0.0,-0.14298828124999996,-0.3126015625,0.06682027649769585,0.06682027649769585
23,1119,0.6021569802276813,0.04373876572798083,-1.0,-0.5558593749999999,-2.4727812499999997,0.0,-0.14298828124999996,-0.3126015625,0.6082949308755761,0.06682027649769585
24,4,0.07789095266626722,0.04373876572798083,0.0,-1.3251171875,-2.41328125,0.0,-0.14298828124999996,-0.3126015625,0.06912442396313365,0.06682027649769585
25,793,0.6021569802276813,0.04373876572798083,-1.0,-0.5691445312500001,-2.6538828125,0.0,-0.14298828124999996,-0.3126015625,0.6082949308755761,0.06682027649769585
26,1434,0.053325344517675254,0.04373876572798083,0.0,-1.26968359375,-2.5898515625,0.0,-0.14298828124999996,-0.3126015625,0.06451612903225806,0.06682027649769585
27,868,0.6021569802276813,0.04373876572798083,-1.0,-0.5532421875,-2.8860625,0.0,-0.14298828124999996,-0.3126015625,0.6082949308755761,0.06682027649769585
28,55,0.04254044337926902,0.04254044337926902,0.0,-1.26419140625,-2.8436484375,0.0,-1.26419140625,-2.8436484375,0.06682027649769585,0.06682027649769585
29,1342,0.6021569802276813,0.04254044337926902,-1.0,-0.5752499999999999,-3.13778125,0.0,-1.26419140625,-2.8436484375,0.6082949308755761,0.06682027649769585
30,1248,0.04074295985620132,0.04074295985620132,0.0,-1.3344414062499999,-3.0962734375000003,0.0,-1.3344414062499999,-3.0962734375000003,0.06682027649769585,0.06682027649769585
31,1457,0.35710005991611743,0.04074295985620132,1.0,-1.9694609374999998,-2.8056406250000006,0.0,-1.3344414062499999,-3.0962734375000003,0.3686635944700461,0.06682027649769585
32,252,0.039544637507489516,0.039544637507489516,0.0,-1.36328515625,-3.1770390625000005,0.0,-1.36328515625,-3.1770390625000005,0.06682027649769585,0.06682027649769585
33,169,0.6021569802276813,0.039544637507489516,-1.0,-0.5912890624999998,-3.3845156250000006,0.0,-1.36328515625,-3.1770390625000005,0.6082949308755761,0.06682027649769585
34,1449,0.03714799281006591,0.03714799281006591,0.0,-1.3044804687499998,-3.2609140625000004,0.0,-1.3044804687499998,-3.2609140625000004,0.06682027649769585,0.06682027649769585
35,83,0.6021569802276813,0.03714799281006591,-1.0,-0.5047148437499998,-3.4201484375000004,0.0,-1.3044804687499998,-3.2609140625000004,0.6082949308755761,0.06682027649769585
36,904,0.03894547633313361,0.03714799281006591,0.0,-1.2688984374999996,-3.3860156250000006,0.0,-1.3044804687499998,-3.2609140625000004,0.07373271889400922,0.06682027649769585
37,122,0.32953864589574594,0.03714799281006591,1.0,-1.8755937499999997,-3.0940000000000007,0.0,-1.3044804687499998,-3.2609140625000004,0.3456221198156682,0.06682027649769585
38,598,0.04074295985620132,0.03714799281006591,0.0,-1.2398476562499998,-3.392601562500001,0.0,-1.3044804687499998,-3.2609140625000004,0.07603686635944701,0.06682027649769585
39,793,0.6021569802276813,0.03714799281006591,-1.0,-0.48387499999999983,-3.6332031250000005,0.0,-1.3044804687499998,-3.2609140625000004,0.6082949308755761,0.06682027649769585
40,647,0.04313960455362492,0.03714799281006591,0.0,-1.2124453124999999,-3.4518906250000008,0.0,-1.3044804687499998,-3.2609140625000004,0.07142857142857142,0.06682027649769585
41,549,0.3271420011983224,0.03714799281006591,1.0,-1.8476171875,-3.092890625000001,0.0,-1.3044804687499998,-3.2609140625000004,0.3456221198156682,0.06682027649769585
42,33,0.03714799281006591,0.03714799281006591,0.0,-1.42129296875,-3.563507812500001,0.0,-1.3044804687499998,-3.2609140625000004,0.06682027649769585,0.06682027649769585
43,6,0.33373277411623725,0.03714799281006591,1.0,-2.13720703125,-3.216039062500001,0.0,-1.3044804687499998,-3.2609140625000004,0.347926267281106,0.06682027649769585
44,153,0.04733373277411624,0.03714799281006591,0.0,-1.76289453125,-3.765351562500001,0.0,-1.3044804687499998,-3.2609140625000004,0.06221198156682028,0.06682027649769585
45,6,0.33493109646494906,0.03714799281006591,1.0,-2.47880859375,-3.417882812500001,0.0,-1.3044804687499998,-3.2609140625000004,0.347926267281106,0.06682027649769585
46,1078,0.05032953864589575,0.03714799281006591,0.0,-1.8955078125000002,-3.906937500000001,0.0,-1.3044804687499998,-3.2609140625000004,0.06682027649769585,0.06682027649769585
47,850,0.6021569802276813,0.03714799281006591,-1.0,-1.2454960937500004,-4.2098984375000015,0.0,-1.3044804687499998,-3.2609140625000004,0.6082949308755761,0.06682027649769585
48,1101,0.04313960455362492,0.03714799281006591,0.0,-1.8872734375000004,-4.106000000000002,0.0,-1.3044804687499998,-3.2609140625000004,0.06451612903225806,0.06682027649769585
49,490,0.3127621330137807,0.03714799281006591,1.0,-2.4893320312500005,-3.774335937500002,0.0,-1.3044804687499998,-3.2609140625000004,0.3294930875576037,0.06682027649769585
50,1005,0.04254044337926902,0.03714799281006591,0.0,-1.9175546875000005,-4.3036093750000015,0.0,-1.3044804687499998,-3.2609140625000004,0.06682027649769585,0.06682027649769585
51,1342,0.6021569802276813,0.03714799281006591,-1.0,-1.2286132812500004,-4.5977421875000015,0.0,-1.3044804687499998,-3.2609140625000004,0.6082949308755761,0.06682027649769585
52,574,0.039544637507489516,0.03714799281006591,0.0,-1.9537460937500004,-4.552960937500002,0.0,-1.3044804687499998,-3.2609140625000004,0.06682027649769585,0.06682027649769585
53,794,0.6021569802276813,0.03714799281006591,-1.0,-1.2095898437500003,-4.863773437500002,0.0,-1.3044804687499998,-3.2609140625000004,0.6082949308755761,0.06682027649769585
54,1666,0.03654883163571001,0.03654883163571001,0.0,-1.8193828125000002,-4.647390625000002,0.0,-1.8193828125000002,-4.647390625000002,0.06912442396313365,0.06912442396313365
55,1457,0.25823846614739365,0.03654883163571001,1.0,-2.45440234375,-4.3567578125000015,0.0,-1.8193828125000002,-4.647390625000002,0.2764976958525346,0.06912442396313365
56,1613,0.03894547633313361,0.03654883163571001,0.0,-1.95877734375,-4.6030390625000015,0.0,-1.8193828125000002,-4.647390625000002,0.06682027649769585,0.06912442396313365
57,642,0.6021569802276813,0.03654883163571001,-1.0,-1.26880078125,-4.873039062500002,0.0,-1.8193828125000002,-4.647390625000002,0.6082949308755761,0.06912442396313365
58,1173,0.040143798681845415,0.03654883163571001,0.0,-1.93903515625,-4.738101562500002,0.0,-1.8193828125000002,-4.647390625000002,0.06682027649769585,0.06912442396313365
59,1593,0.6021569802276813,0.03654883163571001,-1.0,-1.20580859375,-5.0358828125000015,0.0,-1.8193828125000002,-4.647390625000002,0.6082949308755761,0.06912442396313365
60,1112,0.03834631515877771,0.03654883163571001,0.0,-2.00169921875,-4.952945312500002,0.0,-1.8193828125000002,-4.647390625000002,0.06682027649769585,0.06912442396313365
61,1457,0.2504493708807669,0.03654883163571001,1.0,-2.63671875,-4.662312500000001,0.0,-1.8193828125000002,-4.647390625000002,0.2695852534562212,0.06912442396313365
62,1099,0.03834631515877771,0.03654883163571001,0.0,-2.041671875,-5.045250000000001,0.0,-1.8193828125000002,-4.647390625000002,0.06682027649769585,0.06912442396313365
63,1171,0.2390653085680048,0.03654883163571001,1.0,-2.59433203125,-4.778195312500001,0.0,-1.8193828125000002,-4.647390625000002,0.2626728110599078,0.06912442396313365
64,730,0.040143798681845415,0.03654883163571001,0.0,-2.0737578125000002,-4.9858906250000015,0.0,-1.8193828125000002,-4.647390625000002,0.06682027649769585,0.06912442396313365
65,1510,0.6021569802276813,0.03654883163571001,-1.0,-1.2717578125000002,-5.227109375000001,0.0,-1.8193828125000002,-4.647390625000002,0.6082949308755761,0.06912442396313365
66,248,0.037747153984421807,0.03654883163571001,0.0,-1.9598828125,-5.057859375000001,0.0,-1.8193828125000002,-4.647390625000002,0.06912442396313365,0.06912442396313365
67,1002,0.6021569802276813,0.03654883163571001,-1.0,-1.2493515625,-5.315765625000001,0.0,-1.8193828125000002,-4.647390625000002,0.6082949308755761,0.06912442396313365
68,1233,0.04373876572798083,0.03654883163571001,0.0,-1.8562734375,-5.2505781250000005,0.0,-1.8193828125000002,-4.647390625000002,0.07142857142857142,0.06912442396313365
69,1510,0.6021569802276813,0.03654883163571001,-1.0,-1.0542734375,-5.491796875,0.0,-1.8193828125000002,-4.647390625000002,0.6082949308755761,0.06912442396313365
70,881,0.05212702216896345,0.03654883163571001,0.0,-1.73542578125,-5.3192890625,0.0,-1.8193828125000002,-4.647390625000002,0.08064516129032258,0.06912442396313365
71,525,0.19952067106051527,0.03654883163571001,1.0,-2.38114453125,-4.9606171875000005,0.0,-1.8193828125000002,-4.647390625000002,0.2073732718894009,0.06912442396313365
72,598,0.046135410425404436,0.03654883163571001,0.0,-1.7453984375,-5.2592187500000005,0.0,-1.8193828125000002,-4.647390625000002,0.08064516129032258,0.06912442396313365
73,591,0.19292989814260036,0.03654883163571001,1.0,-2.36153125,-5.002625,0.0,-1.8193828125000002,-4.647390625000002,0.20506912442396313,0.06912442396313365
74,850,0.05152786099460755,0.03654883163571001,0.0,-1.71151953125,-5.3055859375,0.0,-1.8193828125000002,-4.647390625000002,0.08294930875576037,0.06912442396313365
75,1332,0.15997603355302575,0.03654883163571001,1.0,-2.1056875,-5.16959375,0.0,-1.8193828125000002,-4.647390625000002,0.16129032258064516,0.06912442396313365
76,1447,0.10665068903535051,0.03654883163571001,0.0,-1.3639765625000002,-5.488421875,0.0,-1.8193828125000002,-4.647390625000002,0.11981566820276497,0.06912442396313365
77,130,0.16057519472738166,0.03654883163571001,1.0,-2.1757656250000004,-5.25528125,0.0,-1.8193828125000002,-4.647390625000002,0.16359447004608296,0.06912442396313365
78,1521,0.09346914319952067,0.03654883163571001,0.0,-1.4715859375000004,-5.593078125,0.0,-1.8193828125000002,-4.647390625000002,0.11290322580645161,0.06912442396313365
79,808,0.13361294188136608,0.03654883163571001,1.0,-1.9658906250000006,-5.36,0.0,-1.8193828125000002,-4.647390625000002,0.1313364055299539,0.06912442396313365
80,681,0.10005991611743559,0.03654883163571001,0.0,-1.4650312500000005,-5.715359375,0.0,-1.8193828125000002,-4.647390625000002,0.11290322580645161,0.06912442396313365
81,1171,0.13361294188136608,0.03654883163571001,1.0,-2.0176914062500004,-5.4483046875,0.0,-1.8193828125000002,-4.647390625000002,0.12442396313364056,0.06912442396313365
82,947,0.1324146195326543,0.03654883163571001,0.0,-1.3039570312500004,-5.699117187500001,0.0,-1.8193828125000002,-4.647390625000002,0.1336405529953917,0.06912442396313365
83,466,0.1426003594967046,0.03654883163571001,1.0,-2.0908320312500006,-5.407867187500001,0.0,-1.8193828125000002,-4.647390625000002,0.14055299539170507,0.06912442396313365
84,614,0.10005991611743559,0.03654883163571001,0.0,-1.4605468750000006,-5.716609375000001,0.0,-1.8193828125000002,-4.647390625000002,0.11290322580645161,0.06912442396313365
85,1272,0.11983223487118035,0.03654883163571001,1.0,-1.9761562500000005,-5.555656250000001,0.0,-1.8193828125000002,-4.647390625000002,0.1152073732718894,0.06912442396313365
86,991,0.1360095865787897,0.03654883163571001,0.0,-1.3310273437500004,-5.935226562500001,0.0,-1.8193828125000002,-4.647390625000002,0.14055299539170507,0.06912442396313365
87,808,0.09286998202516476,0.03654883163571001,1.0,-1.8253320312500003,-5.702148437500002,0.0,-1.8193828125000002,-4.647390625000002,0.0944700460829493,0.06912442396313365
88,714,0.18633912522468543,0.03654883163571001,0.0,-1.1458359375000002,-6.083578125000002,0.0,-1.8193828125000002,-4.647390625000002,0.195852534562212,0.06912442396313365
89,1333,0.0683043738765728,0.03654883163571001,1.0,-1.5147539062500002,-5.864132812500001,0.0,-1.8193828125000002,-4.647390625000002,0.06451612903225806,0.06912442396313365
90,793,0.3469143199520671,0.03654883163571001,0.0,-0.7587812500000002,-6.104734375000001,0.0,-1.8193828125000002,-4.647390625000002,0.33410138248847926,0.06912442396313365
91,503,0.04913121629718394,0.03654883163571001,1.0,-1.2918789062500002,-5.935023437500002,0.0,-1.8193828125000002,-4.647390625000002,0.0576036866359447,0.06912442396313365
92,1485,0.29179149191132414,0.03654883163571001,2.0,-1.8909414062500003,-5.517257812500002,0.0,-1.8193828125000002,-4.647390625000002,0.3064516129032258,0.06912442396313365
93,521,0.05392450569203116,0.03654883163571001,1.0,-1.3403671875000003,-5.937781250000002,0.0,-1.8193828125000002,-4.647390625000002,0.059907834101382486,0.06912442396313365
94,439,0.40742959856201316,0.03654883163571001,0.0,-0.6579414062500003,-6.194195312500002,0.0,-1.8193828125000002,-4.647390625000002,0.38940092165898615,0.06912442396313365
95,1231,0.04373876572798083,0.03654883163571001,1.0,-1.2985703125000003,-6.115968750000002,0.0,-1.8193828125000002,-4.647390625000002,0.06221198156682028,0.06912442396313365
96,1002,0.4505692031156381,0.03654883163571001,0.0,-0.5880390625000003,-6.373875000000002,0.0,-1.8193828125000002,-4.647390625000002,0.45622119815668205,0.06912442396313365
97,108,0.04074295985620132,0.03654883163571001,1.0,-1.2963906250000004,-6.220406250000002,0.0,-1.8193828125000002,-4.647390625000002,0.06451612903225806,0.06912442396313365
98,169,0.4889155182744158,0.03654883163571001,0.0,-0.5243945312500002,-6.427882812500002,0.0,-1.8193828125000002,-4.647390625000002,0.49539170506912444,0.06912442396313365
99,567,0.046135410425404436,0.03654883163571001,1.0,-1.4040546875000004,-6.279843750000002,0.0,-1.8193828125000002,-4.647390625000002,0.0576036866359447,0.06912442396313365
100,1422,0.43319352905931696,0.03654883163571001,0.0,-0.6461718750000004,-6.544750000000002,0.0,-1.8193828125000002,-4.647390625000002,0.4377880184331797,0.06912442396313365
101,618,0.03654883163571001,0.03654883163571001,1.0,-1.3436640625000003,-6.466500000000003,0.0,-1.8193828125000002,-4.647390625000002,0.06682027649769585,0.06912442396313365
102,1435,0.23367285799880166,0.03654883163571001,2.0,-1.8030625000000002,-6.180843750000003,0.0,-1.8193828125000002,-4.647390625000002,0.2534562211981567,0.06912442396313365
103,636,0.0347513481126423,0.0347513481126423,1.0,-1.1284648437500002,-6.592007812500003,1.0,-1.1284648437500002,-6.592007812500003,0.06451612903225806,0.06451612903225806
104,407,0.22887956860395448,0.0347513481126423,2.0,-1.8041210937500003,-6.220320312500003,1.0,-1.1284648437500002,-6.592007812500003,0.2488479262672811,0.06451612903225806
105,1304,0.03714799281006591,0.0347513481126423,1.0,-1.3407226562500003,-6.552585937500003,1.0,-1.1284648437500002,-6.592007812500003,0.059907834101382486,0.06451612903225806
106,1554,0.3846614739364889,0.0347513481126423,0.0,-0.7584257812500003,-6.741414062500002,1.0,-1.1284648437500002,-6.592007812500003,0.3686635944700461,0.06451612903225806
107,156,0.03714799281006591,0.0347513481126423,1.0,-1.3812773437500003,-6.669867187500002,1.0,-1.1284648437500002,-6.592007812500003,0.06221198156682028,0.06451612903225806
108,91,0.39005392450569204,0.0347513481126423,0.0,-0.7687851562500003,-6.907085937500002,1.0,-1.1284648437500002,-6.592007812500003,0.3709677419354839,0.06451612903225806
109,1147,0.037747153984421807,0.0347513481126423,1.0,-1.4436015625000003,-6.7732187500000025,1.0,-1.1284648437500002,-6.592007812500003,0.06221198156682028,0.06451612903225806
110,641,0.42899940083882565,0.0347513481126423,0.0,-0.7148085937500003,-7.0667890625000025,1.0,-1.1284648437500002,-6.592007812500003,0.4308755760368664,0.06451612903225806
111,955,0.03834631515877771,0.0347513481126423,1.0,-1.5130234375000002,-6.898343750000002,1.0,-1.1284648437500002,-6.592007812500003,0.06221198156682028,0.06451612903225806
112,315,0.3690832834032355,0.0347513481126423,0.0,-0.8336484375000003,-7.190593750000002,1.0,-1.1284648437500002,-6.592007812500003,0.35714285714285715,0.06451612903225806
113,1435,0.0341521869382864,0.0341521869382864,1.0,-1.2930468750000004,-6.904937500000003,1.0,-1.2930468750000004,-6.904937500000003,0.06221198156682028,0.06221198156682028
114,730,0.39724385859796285,0.0341521869382864,0.0,-0.7724726562500004,-7.112632812500003,1.0,-1.2930468750000004,-6.904937500000003,0.38018433179723504,0.06221198156682028
115,1497,0.035949670461354104,0.0341521869382864,1.0,-1.4915000000000003,-7.013968750000003,1.0,-1.2930468750000004,-6.904937500000003,0.06221198156682028,0.06221198156682028
116,1435,0.20071899340922708,0.0341521869382864,2.0,-1.9508984375000002,-6.728312500000003,1.0,-1.2930468750000004,-6.904937500000003,0.21658986175115208,0.06221198156682028
117,1122,0.0341521869382864,0.0341521869382864,1.0,-1.4738242187500004,-7.023320312500003,1.0,-1.2930468750000004,-6.904937500000003,0.059907834101382486,0.06221198156682028
118,462,0.21090473337327742,0.0341521869382864,2.0,-2.10317578125,-6.741710937500002,1.0,-1.2930468750000004,-6.904937500000003,0.2304147465437788,0.06221198156682028
119,1232,0.03834631515877771,0.0341521869382864,1.0,-1.6171328125,-7.087656250000002,1.0,-1.2930468750000004,-6.904937500000003,0.06682027649769585,0.06221198156682028
120,91,0.316956261234272,0.0341521869382864,0.0,-1.004640625,-7.324875000000002,1.0,-1.2930468750000004,-6.904937500000003,0.29723502304147464,0.06221198156682028
121,932,0.03714799281006591,0.0341521869382864,1.0,-1.6032734375,-7.238468750000003,1.0,-1.2930468750000004,-6.904937500000003,0.06451612903225806,0.06221198156682028
122,730,0.28579988016776514,0.0341521869382864,0.0,-1.08269921875,-7.446164062500003,1.0,-1.2930468750000004,-6.904937500000003,0.28110599078341014,0.06221198156682028
123,1666,0.03894547633313361,0.0341521869382864,1.0,-1.6924921875,-7.229781250000003,1.0,-1.2930468750000004,-6.904937500000003,0.06682027649769585,0.06221198156682028
124,405,0.20730976632714201,0.0341521869382864,2.0,-2.247375,-6.961140625000003,1.0,-1.2930468750000004,-6.904937500000003,0.22350230414746544,0.06221198156682028
125,1555,0.03894547633313361,0.0341521869382864,1.0,-1.7126953125,-7.277312500000003,1.0,-1.2930468750000004,-6.904937500000003,0.06682027649769585,0.06221198156682028
126,169,0.3451168364289994,0.0341521869382864,0.0,-0.9406992187499998,-7.4847890625000035,1.0,-1.2930468750000004,-6.904937500000003,0.3317972350230415,0.06221198156682028
127,1027,0.0341521869382864,0.0341521869382864,1.0,-1.5121484374999998,-7.391671875000004,1.0,-1.2930468750000004,-6.904937500000003,0.06221198156682028,0.06221198156682028
128,1002,0.4170161773517076,0.0341521869382864,0.0,-0.8016171874999998,-7.649578125000003,1.0,-1.2930468750000004,-6.904937500000003,0.39631336405529954,0.06221198156682028
129,1497,0.035949670461354104,0.0341521869382864,1.0,-1.5206445312499999,-7.550914062500003,1.0,-1.2930468750000004,-6.904937500000003,0.06221198156682028,0.06221198156682028
130,490,0.18514080287597365,0.0341521869382864,2.0,-2.122703125,-7.219250000000003,1.0,-1.2930468750000004,-6.904937500000003,0.1935483870967742,0.06221198156682028
131,1478,0.035949670461354104,0.0341521869382864,1.0,-1.4812734375,-7.550875000000003,1.0,-1.2930468750000004,-6.904937500000003,0.06682027649769585,0.06221198156682028
132,1130,0.170760934691432,0.0341521869382864,2.0,-1.9031640625000001,-7.185968750000003,1.0,-1.2930468750000004,-6.904937500000003,0.18433179723502305,0.06221198156682028
133,1455,0.035949670461354104,0.0341521869382864,1.0,-1.2553554687500001,-7.613335937500003,1.0,-1.2930468750000004,-6.904937500000003,0.07142857142857142,0.06221198156682028
134,308,0.15218693828639904,0.0341521869382864,2.0,-1.80980078125,-7.382710937500003,1.0,-1.2930468750000004,-6.904937500000003,0.1543778801843318,0.06221198156682028
135,1191,0.037747153984421807,0.0341521869382864,1.0,-1.24260546875,-7.6822421875000035,1.0,-1.2930468750000004,-6.904937500000003,0.07142857142857142,0.06221198156682028
136,1579,0.15398442180946675,0.0341521869382864,2.0,-1.8602734375,-7.393125000000004,1.0,-1.2930468750000004,-6.904937500000003,0.16359447004608296,0.06221198156682028
137,83,0.04254044337926902,0.0341521869382864,1.0,-1.0605078125,-7.5523593750000035,1.0,-1.2930468750000004,-6.904937500000003,0.07603686635944701,0.06221198156682028
138,466,0.16177351707609347,0.0341521869382864,2.0,-1.8473828125,-7.261109375000004,1.0,-1.2930468750000004,-6.904937500000003,0.1728110599078341,0.06221198156682028
139,1018,0.035350509286998205,0.0341521869382864,1.0,-1.37134765625,-7.614835937500004,1.0,-1.2930468750000004,-6.904937500000003,0.06912442396313365,0.06221198156682028
140,207,0.16297183942480528,0.0341521869382864,2.0,-1.89209375,-7.310468750000004,1.0,-1.2930468750000004,-6.904937500000003,0.1728110599078341,0.06221198156682028
141,866,0.03654883163571001,0.0341521869382864,1.0,-1.27596484375,-7.682039062500004,1.0,-1.2930468750000004,-6.904937500000003,0.07142857142857142,0.06221198156682028
142,1130,0.14799281006590773,0.0341521869382864,2.0,-1.69785546875,-7.317132812500004,1.0,-1.2930468750000004,-6.904937500000003,0.14516129032258066,0.06221198156682028
143,1192,0.04373876572798083,0.0341521869382864,1.0,-1.04856640625,-7.609179687500005,1.0,-1.2930468750000004,-6.904937500000003,0.07834101382488479,0.06221198156682028
144,1567,0.15338526063511085,0.0341521869382864,2.0,-1.79416796875,-7.343773437500005,1.0,-1.2930468750000004,-6.904937500000003,0.15898617511520738,0.06221198156682028
145,736,0.040143798681845415,0.0341521869382864,1.0,-1.20976953125,-7.739914062500005,1.0,-1.2930468750000004,-6.904937500000003,0.07142857142857142,0.06221198156682028
146,549,0.15398442180946675,0.0341521869382864,2.0,-1.8449414062500002,-7.380914062500005,1.0,-1.2930468750000004,-6.904937500000003,0.16359447004608296,0.06221198156682028
147,838,0.04074295985620132,0.0341521869382864,1.0,-1.1637031250000003,-7.638093750000005,1.0,-1.2930468750000004,-6.904937500000003,0.07142857142857142,0.06221198156682028
148,1579,0.15218693828639904,0.0341521869382864,2.0,-1.7813710937500002,-7.348976562500005,1.0,-1.2930468750000004,-6.904937500000003,0.1543778801843318,0.06221198156682028
149,303,0.03834631515877771,0.0341521869382864,1.0,-1.2404921875000001,-7.723500000000005,1.0,-1.2930468750000004,-6.904937500000003,0.07142857142857142,0.06221198156682028
150,722,0.15398442180946675,0.0341521869382864,2.0,-1.8734882812500002,-7.404929687500005,1.0,-1.2930468750000004,-6.904937500000003,0.16359447004608296,0.06221198156682028
151,83,0.04254044337926902,0.0341521869382864,1.0,-1.0737226562500002,-7.564164062500004,1.0,-1.2930468750000004,-6.904937500000003,0.07603686635944701,0.06221198156682028
152,530,0.15218693828639904,0.0341521869382864,2.0,-1.6332226562500003,-7.127414062500004,1.0,-1.2930468750000004,-6.904937500000003,0.15898617511520738,0.06221198156682028
153,1533,0.04254044337926902,0.0341521869382864,1.0,-1.0441093750000003,-7.4456093750000045,1.0,-1.2930468750000004,-6.904937500000003,0.07373271889400922,0.06221198156682028
154,1114,0.5656081485919713,0.0341521869382864,0.0,-0.3874843750000003,-7.611015625000005,1.0,-1.2930468750000004,-6.904937500000003,0.576036866359447,0.06221198156682028
155,538,0.04733373277411624,0.0341521869382864,1.0,-0.9853554687500004,-7.548679687500004,1.0,-1.2930468750000004,-6.904937500000003,0.07834101382488479,0.06221198156682028
156,1666,0.1390053924505692,0.0341521869382864,2.0,-1.5951484375000002,-7.332296875000004,1.0,-1.2930468750000004,-6.904937500000003,0.1382488479262673,0.06221198156682028
157,991,0.05032953864589575,0.0341521869382864,1.0,-0.9500195312500002,-7.711867187500005,1.0,-1.2930468750000004,-6.904937500000003,0.07834101382488479,0.06221198156682028
158,1589,0.13001797483523067,0.0341521869382864,2.0,-1.5761210937500003,-7.435554687500005,1.0,-1.2930468750000004,-6.904937500000003,0.12903225806451613,0.06221198156682028
159,13,0.05452366686638706,0.0341521869382864,1.0,-0.9040273437500004,-7.799179687500005,1.0,-1.2930468750000004,-6.904937500000003,0.08525345622119816,0.06221198156682028
160,613,0.1348112642300779,0.0341521869382864,2.0,-1.7137734375000004,-7.572281250000005,1.0,-1.2930468750000004,-6.904937500000003,0.1313364055299539,0.06221198156682028
161,1348,0.04313960455362492,0.0341521869382864,1.0,-1.1713164062500003,-7.910695312500005,1.0,-1.2930468750000004,-6.904937500000003,0.07603686635944701,0.06221198156682028
162,1340,0.14799281006590773,0.0341521869382864,2.0,-1.9763203125000004,-7.662343750000005,1.0,-1.2930468750000004,-6.904937500000003,0.1497695852534562,0.06221198156682028
163,740,0.0341521869382864,0.0341521869382864,1.0,-1.5037070312500003,-7.902023437500005,1.0,-1.2930468750000004,-6.904937500000003,0.06912442396313365,0.06221198156682028
164,808,0.15158777711204313,0.0341521869382864,2.0,-1.9980117187500004,-7.668945312500005,1.0,-1.2930468750000004,-6.904937500000003,0.1543778801843318,0.06221198156682028
165,753,0.0347513481126423,0.0341521869382864,1.0,-1.5712539062500004,-8.032570312500006,1.0,-1.2930468750000004,-6.904937500000003,0.06912442396313365,0.06221198156682028
166,838,0.402636309167166,0.0341521869382864,0.0,-0.8900156250000004,-8.289750000000007,1.0,-1.2930468750000004,-6.904937500000003,0.3847926267281106,0.06221198156682028
167,391,0.0347513481126423,0.0341521869382864,1.0,-1.5959726562500003,-8.086664062500008,1.0,-1.2930468750000004,-6.904937500000003,0.06912442396313365,0.06221198156682028
168,1382,0.16596764529658478,0.0341521869382864,2.0,-2.3263828125000003,-7.817609375000008,1.0,-1.2930468750000004,-6.904937500000003,0.17511520737327188,0.06221198156682028
169,92,0.035350509286998205,0.0341521869382864,1.0,-1.6812617187500003,-8.148335937500008,1.0,-1.2930468750000004,-6.904937500000003,0.06912442396313365,0.06221198156682028
170,691,0.1677651288196525,0.0341521869382864,2.0,-2.31191015625,-7.778460937500007,1.0,-1.2930468750000004,-6.904937500000003,0.1774193548387097,0.06221198156682028
171,531,0.035949670461354104,0.0341521869382864,1.0,-1.7029960937500002,-8.104742187500007,1.0,-1.2930468750000004,-6.904937500000003,0.06682027649769585,0.06221198156682028
172,1333,0.14439784301977232,0.0341521869382864,2.0,-2.0719140625000003,-7.885296875000006,1.0,-1.2930468750000004,-6.904937500000003,0.14285714285714285,0.06221198156682028
173,1160,0.040143798681845415,0.0341521869382864,1.0,-1.3462226562500004,-8.191507812500006,1.0,-1.2930468750000004,-6.904937500000003,0.07373271889400922,0.06221198156682028
174,1241,0.1384062312762133,0.0341521869382864,2.0,-2.0193125000000003,-7.915718750000006,1.0,-1.2930468750000004,-6.904937500000003,0.1382488479262673,0.06221198156682028
175,1510,0.044337926902336726,0.0341521869382864,1.0,-1.2173125000000002,-8.156937500000007,1.0,-1.2930468750000004,-6.904937500000003,0.07834101382488479,0.06221198156682028
176,1567,0.1360095865787897,0.0341521869382864,2.0,-1.9629140625000003,-7.891531250000007,1.0,-1.2930468750000004,-6.904937500000003,0.1313364055299539,0.06221198156682028
177,296,0.040143798681845415,0.0341521869382864,1.0,-1.3494687500000002,-8.249781250000007,1.0,-1.2930468750000004,-6.904937500000003,0.07373271889400922,0.06221198156682028
178,180,0.13121629718394248,0.0341521869382864,2.0,-1.9838046875000002,-8.018359375000006,1.0,-1.2930468750000004,-6.904937500000003,0.12672811059907835,0.06221198156682028
179,188,0.040143798681845415,0.0341521869382864,1.0,-1.4062226562500002,-8.362976562500005,1.0,-1.2930468750000004,-6.904937500000003,0.07373271889400922,0.06221198156682028
180,1324,0.1390053924505692,0.0341521869382864,2.0,-2.1675625000000003,-8.113718750000006,1.0,-1.2930468750000004,-6.904937500000003,0.1359447004608295,0.06221198156682028
181,1598,0.0347513481126423,0.0341521869382864,1.0,-1.5561015625000003,-8.423453125000005,1.0,-1.2930468750000004,-6.904937500000003,0.07142857142857142,0.06221198156682028
182,1567,0.14559616536848413,0.0341521869382864,2.0,-2.3017031250000004,-8.158046875000005,1.0,-1.2930468750000004,-6.904937500000003,0.14746543778801843,0.06221198156682028
183,1069,0.035350509286998205,0.0341521869382864,1.0,-1.7598632812500004,-8.507679687500005,1.0,-1.2930468750000004,-6.904937500000003,0.06912442396313365,0.06221198156682028
184,1609,0.12642300778909527,0.0341521869382864,2.0,-2.0567187500000004,-8.211765625000005,1.0,-1.2930468750000004,-6.904937500000003,0.12211981566820276,0.06221198156682028
185,1442,0.04074295985620132,0.0341521869382864,1.0,-1.4333710937500004,-8.535789062500005,1.0,-1.2930468750000004,-6.904937500000003,0.07603686635944701,0.06221198156682028
186,25,0.12162971839424805,0.0341521869382864,2.0,-2.0666015625000003,-8.297062500000004,1.0,-1.2930468750000004,-6.904937500000003,0.1175115207373272,0.06221198156682028
187,143,0.040143798681845415,0.0341521869382864,1.0,-1.4894570312500002,-8.676429687500004,1.0,-1.2930468750000004,-6.904937500000003,0.07603686635944701,0.06221198156682028
188,1485,0.12642300778909527,0.0341521869382864,2.0,-2.0885195312500002,-8.258664062500005,1.0,-1.2930468750000004,-6.904937500000003,0.12211981566820276,0.06221198156682028
189,96,0.037747153984421807,0.0341521869382864,1.0,-1.5833593750000001,-8.621218750000004,1.0,-1.2930468750000004,-6.904937500000003,0.07142857142857142,0.06221198156682028
190,1609,0.1060515278609946,0.0341521869382864,2.0,-1.8802148437500001,-8.325304687500005,1.0,-1.2930468750000004,-6.904937500000003,0.10829493087557604,0.06221198156682028
191,1422,0.05871779508687837,0.0341521869382864,1.0,-1.12233203125,-8.590210937500004,1.0,-1.2930468750000004,-6.904937500000003,0.08525345622119816,0.06221198156682028
192,1589,0.09167165967645297,0.0341521869382864,2.0,-1.7484335937500002,-8.313898437500004,1.0,-1.2930468750000004,-6.904937500000003,0.10599078341013825,0.06221198156682028
193,778,0.05991611743559017,0.0341521869382864,1.0,-1.0898476562500001,-8.595804687500005,1.0,-1.2930468750000004,-6.904937500000003,0.08755760368663594,0.06221198156682028
194,241,0.09107249850209706,0.0341521869382864,2.0,-1.7661367187500001,-8.374039062500005,1.0,-1.2930468750000004,-6.904937500000003,0.10368663594470046,0.06221198156682028
195,942,0.06411024565608149,0.0341521869382864,1.0,-1.07773828125,-8.718242187500005,1.0,-1.2930468750000004,-6.904937500000003,0.08986175115207373,0.06221198156682028
196,1661,0.08208508088675853,0.0341521869382864,2.0,-1.6304023437500001,-8.518460937500006,1.0,-1.2930468750000004,-6.904937500000003,0.08755760368663594,0.06221198156682028
197,778,0.07309766327142002,0.0341521869382864,1.0,-0.9718164062500001,-8.800367187500006,1.0,-1.2930468750000004,-6.904937500000003,0.0967741935483871,0.06221198156682028
198,1485,0.08328340323547034,0.0341521869382864,2.0,-1.5708789062500002,-8.382601562500007,1.0,-1.2930468750000004,-6.904937500000003,0.08755760368663594,0.06221198156682028
199,794,0.08627920910724984,0.0341521869382864,1.0,-0.8267226562500001,-8.693414062500008,1.0,-1.2930468750000004,-6.904937500000003,0.10599078341013825,0.06221198156682028
200,1426,0.07669263031755542,0.0341521869382864,2.0,-1.46705078125,-8.493148437500007,1.0,-1.2930468750000004,-6.904937500000003,0.07373271889400922,0.06221198156682028
201,518,0.08508088675853805,0.0341521869382864,1.0,-0.874296875,-8.823015625000007,1.0,-1.2930468750000004,-6.904937500000003,0.10138248847926268,0.06221198156682028
202,766,0.0701018573996405,0.0341521869382864,2.0,-1.41023828125,-8.639039062500007,1.0,-1.2930468750000004,-6.904937500000003,0.07834101382488479,0.06221198156682028
203,670,0.08747753145596165,0.0341521869382864,1.0,-0.8733203125,-8.915609375000008,1.0,-1.2930468750000004,-6.904937500000003,0.10599078341013825,0.06221198156682028
204,396,0.07249850209706411,0.0341521869382864,2.0,-1.53433984375,-8.724507812500008,1.0,-1.2930468750000004,-6.904937500000003,0.07834101382488479,0.06221198156682028
205,1526,0.08687837028160575,0.0341521869382864,1.0,-0.91726953125,-9.051445312500007,1.0,-1.2930468750000004,-6.904937500000003,0.10599078341013825,0.06221198156682028
206,1396,0.07309766327142002,0.0341521869382864,2.0,-1.6029375,-8.831984375000008,1.0,-1.2930468750000004,-6.904937500000003,0.07603686635944701,0.06221198156682028
207,315,0.08807669263031756,0.0341521869382864,1.0,-0.9235625,-9.124234375000007,1.0,-1.2930468750000004,-6.904937500000003,0.10599078341013825,0.06221198156682028
208,1540,0.06291192330736968,0.0341521869382864,2.0,-1.4713476562499999,-8.938289062500008,1.0,-1.2930468750000004,-6.904937500000003,0.07603686635944701,0.06221198156682028
209,1599,0.11384062312762133,0.0341521869382864,1.0,-0.7197890624999999,-9.211703125000009,1.0,-1.2930468750000004,-6.904937500000003,0.12211981566820276,0.06221198156682028
210,462,0.057519472738166565,0.0341521869382864,2.0,-1.3491406249999998,-8.930093750000008,1.0,-1.2930468750000004,-6.904937500000003,0.07142857142857142,0.06221198156682028
211,794,0.1324146195326543,0.0341521869382864,1.0,-0.6049843749999997,-9.240906250000009,1.0,-1.2930468750000004,-6.904937500000003,0.1313364055299539,0.06221198156682028
212,872,0.05632115038945476,0.0341521869382864,2.0,-1.3867968749999997,-9.03581250000001,1.0,-1.2930468750000004,-6.904937500000003,0.06912442396313365,0.06221198156682028
213,1114,0.11084481725584182,0.0341521869382864,1.0,-0.7301718749999997,-9.20121875000001,1.0,-1.2930468750000004,-6.904937500000003,0.11981566820276497,0.06221198156682028
214,702,0.0683043738765728,0.0341521869382864,2.0,-1.5456640624999998,-8.95828125000001,1.0,-1.2930468750000004,-6.904937500000003,0.07373271889400922,0.06221198156682028
215,313,0.10365488316357101,0.0341521869382864,1.0,-0.8402070312499998,-9.27392968750001,1.0,-1.2930468750000004,-6.904937500000003,0.11290322580645161,0.06221198156682028
216,1567,0.0689035350509287,0.0341521869382864,2.0,-1.58580859375,-9.00852343750001,1.0,-1.2930468750000004,-6.904937500000003,0.07373271889400922,0.06221198156682028
217,1143,0.07968843618933494,0.0341521869382864,1.0,-1.0487968749999999,-9.28876562500001,1.0,-1.2930468750000004,-6.904937500000003,0.10138248847926268,0.06221198156682028
218,112,0.07849011384062313,0.0341521869382864,2.0,-1.8272109374999999,-9.025828125000011,1.0,-1.2930468750000004,-6.904937500000003,0.07834101382488479,0.06221198156682028
219,1443,0.0689035350509287,0.0341521869382864,1.0,-1.18783203125,-9.343726562500011,1.0,-1.2930468750000004,-6.904937500000003,0.0944700460829493,0.06221198156682028
220,1333,0.06231276213301378,0.0341521869382864,2.0,-1.5567499999999999,-9.124281250000012,1.0,-1.2930468750000004,-6.904937500000003,0.07373271889400922,0.06221198156682028
221,409,0.1048532055122828,0.0341521869382864,1.0,-0.8544179687499999,-9.429179687500012,1.0,-1.2930468750000004,-6.904937500000003,0.1152073732718894,0.06221198156682028
222,1121,0.05632115038945476,0.0341521869382864,2.0,-1.48458203125,-9.259382812500013,1.0,-1.2930468750000004,-6.904937500000003,0.06912442396313365,0.06221198156682028
223,848,0.12162971839424805,0.0341521869382864,1.0,-0.7580703125000001,-9.545109375000013,1.0,-1.2930468750000004,-6.904937500000003,0.12442396313364056,0.06221198156682028
224,54,0.05212702216896345,0.0341521869382864,2.0,-1.4093242187500001,-9.348664062500013,1.0,-1.2930468750000004,-6.904937500000003,0.06682027649769585,0.06221198156682028
225,1554,0.10844817255841821,0.0341521869382864,1.0,-0.8270273437500001,-9.537492187500014,1.0,-1.2930468750000004,-6.904937500000003,0.11981566820276497,0.06221198156682028
226,1322,0.056920311563810666,0.0341521869382864,2.0,-1.5817421875000002,-9.362078125000014,1.0,-1.2930468750000004,-6.904937500000003,0.07142857142857142,0.06221198156682028
227,625,0.09706411024565609,0.0341521869382864,1.0,-0.9883632812500002,-9.640351562500014,1.0,-1.2930468750000004,-6.904937500000003,0.11059907834101383,0.06221198156682028
228,26,0.056920311563810666,0.0341521869382864,2.0,-1.6112656250000001,-9.441046875000014,1.0,-1.2930468750000004,-6.904937500000003,0.07142857142857142,0.06221198156682028
229,232,0.10844817255841821,0.0341521869382864,1.0,-0.8791718750000002,-9.749968750000013,1.0,-1.2930468750000004,-6.904937500000003,0.11981566820276497,0.06221198156682028
230,1341,0.057519472738166565,0.0341521869382864,2.0,-1.6720625000000002,-9.509718750000014,1.0,-1.2930468750000004,-6.904937500000003,0.07142857142857142,0.06221198156682028
231,325,0.10005991611743559,0.0341521869382864,1.0,-1.0114179687500002,-9.833304687500014,1.0,-1.2930468750000004,-6.904937500000003,0.11059907834101383,0.06221198156682028
232,820,0.05452366686638706,0.0341521869382864,2.0,-1.6133984375000003,-9.665187500000014,1.0,-1.2930468750000004,-6.904937500000003,0.06682027649769585,0.06221198156682028
233,1480,0.09766327142001198,0.0341521869382864,1.0,-1.0662695312500003,-9.961554687500014,1.0,-1.2930468750000004,-6.904937500000003,0.11059907834101383,0.06221198156682028
234,1567,0.06051527860994608,0.0341521869382864,2.0,-1.8118710937500002,-9.696148437500014,1.0,-1.2930468750000004,-6.904937500000003,0.07373271889400922,0.06221198156682028
235,530,0.21090473337327742,0.0341521869382864,3.0,-2.3713710937500005,-9.259398437500014,1.0,-1.2930468750000004,-6.904937500000003,0.23271889400921658,0.06221198156682028
236,91,0.06351108448172559,0.0341521869382864,2.0,-1.7588789062500005,-9.496617187500014,1.0,-1.2930468750000004,-6.904937500000003,0.07373271889400922,0.06221198156682028
237,850,0.08867585380467345,0.0341521869382864,1.0,-1.1088671875000005,-9.799578125000014,1.0,-1.2930468750000004,-6.904937500000003,0.10599078341013825,0.06221198156682028
238,1435,0.05632115038945476,0.0341521869382864,2.0,-1.5682656250000004,-9.513921875000014,1.0,-1.2930468750000004,-6.904937500000003,0.06682027649769585,0.06221198156682028
239,1002,0.11204313960455363,0.0341521869382864,1.0,-0.8577343750000004,-9.771828125000013,1.0,-1.2930468750000004,-6.904937500000003,0.12211981566820276,0.06221198156682028
240,127,0.05452366686638706,0.0341521869382864,2.0,-1.5465468750000004,-9.573968750000013,1.0,-1.2930468750000004,-6.904937500000003,0.06682027649769585,0.06221198156682028
241,1003,0.10844817255841821,0.0341521869382864,1.0,-0.9065429687500004,-9.870789062500013,1.0,-1.2930468750000004,-6.904937500000003,0.11981566820276497,0.06221198156682028
242,527,0.04793289394847214,0.0341521869382864,2.0,-1.5160820312500003,-9.698132812500013,1.0,-1.2930468750000004,-6.904937500000003,0.06221198156682028,0.06221198156682028
243,490,0.19412822049131218,0.0341521869382864,3.0,-2.1181406250000006,-9.366468750000013,1.0,-1.2930468750000004,-6.904937500000003,0.2073732718894009,0.06221198156682028
244,793,0.04254044337926902,0.0341521869382864,2.0,-1.3621679687500006,-9.607070312500014,1.0,-1.2930468750000004,-6.904937500000003,0.06682027649769585,0.06221198156682028
245,1485,0.19292989814260036,0.0341521869382864,3.0,-1.9612304687500006,-9.189304687500014,1.0,-1.2930468750000004,-6.904937500000003,0.2073732718894009,0.06221198156682028
246,1598,0.044337926902336726,0.0341521869382864,2.0,-1.3497695312500007,-9.499039062500014,1.0,-1.2930468750000004,-6.904937500000003,0.06912442396313365,0.06221198156682028
247,315,0.1360095865787897,0.0341521869382864,1.0,-0.6703945312500007,-9.791289062500013,1.0,-1.2930468750000004,-6.904937500000003,0.14055299539170507,0.06221198156682028
248,899,0.04254044337926902,0.0341521869382864,2.0,-1.3566640625000006,-9.603843750000014,1.0,-1.2930468750000004,-6.904937500000003,0.06682027649769585,0.06221198156682028
249,1192,0.1348112642300779,0.0341521869382864,1.0,-0.7073750000000006,-9.895890625000014,1.0,-1.2930468750000004,-6.904937500000003,0.1382488479262673,0.06221198156682028
250,430,0.03894547633313361,0.0341521869382864,2.0,-1.2738242187500006,-9.657460937500014,1.0,-1.2930468750000004,-6.904937500000003,0.06451612903225806,0.06221198156682028
251,511,0.15757938885560216,0.0341521869382864,1.0,-0.5702539062500005,-9.927523437500014,1.0,-1.2930468750000004,-6.904937500000003,0.15207373271889402,0.06221198156682028
252,407,0.03714799281006591,0.0341521869382864,2.0,-1.2459101562500006,-9.555835937500014,1.0,-1.2930468750000004,-6.904937500000003,0.06451612903225806,0.06221198156682028
253,416,0.14080287597363692,0.0341521869382864,1.0,-0.6508515625000005,-9.830343750000013,1.0,-1.2930468750000004,-6.904937500000003,0.14285714285714285,0.06221198156682028
254,1493,0.0347513481126423,0.0341521869382864,2.0,-1.2064179687500005,-9.691429687500014,1.0,-1.2930468750000004,-6.904937500000003,0.06221198156682028,0.06221198156682028
255,439,0.1665668064709407,0.0341521869382864,1.0,-0.5239921875000005,-9.947843750000013,1.0,-1.2930468750000004,-6.904937500000003,0.16359447004608296,0.06221198156682028
256,379,0.035949670461354104,0.0341521869382864,2.0,-1.2155742187500005,-9.677492187500013,1.0,-1.2930468750000004,-6.904937500000003,0.06451612903225806,0.06221198156682028
257,222,0.1731575793888556,0.0341521869382864,3.0,-1.7553789062500005,-9.376039062500013,1.0,-1.2930468750000004,-6.904937500000003,0.1889400921658986,0.06221198156682028
258,135,0.0347513481126423,0.0341521869382864,2.0,-1.0613671875000006,-9.748000000000014,1.0,-1.2930468750000004,-6.904937500000003,0.0576036866359447,0.06221198156682028
259,1422,0.20730976632714201,0.0341521869382864,1.0,-0.3034843750000006,-10.012906250000013,1.0,-1.2930468750000004,-6.904937500000003,0.21658986175115208,0.06221198156682028
260,467,0.0347513481126423,0.0341521869382864,2.0,-1.0844218750000008,-9.803796875000012,1.0,-1.2930468750000004,-6.904937500000003,0.0576036866359447,0.06221198156682028
261,1435,0.15158777711204313,0.0341521869382864,3.0,-1.5438203125000007,-9.518140625000012,1.0,-1.2930468750000004,-6.904937500000003,0.1543778801843318,0.06221198156682028
262,975,0.0347513481126423,0.0341521869382864,2.0,-0.9907460937500008,-9.878820312500011,1.0,-1.2930468750000004,-6.904937500000003,0.06221198156682028,0.06221198156682028
263,1510,0.2396644697423607,0.0341521869382864,1.0,-0.18874609375000084,-10.12003906250001,1.0,-1.2930468750000004,-6.904937500000003,0.2534562211981567,0.06221198156682028
264,916,0.035350509286998205,0.0341521869382864,2.0,-0.9914960937500009,-9.965945312500011,1.0,-1.2930468750000004,-6.904937500000003,0.06451612903225806,0.06221198156682028
265,1422,0.23187537447573398,0.0341521869382864,1.0,-0.23361328125000091,-10.23085156250001,1.0,-1.2930468750000004,-6.904937500000003,0.24193548387096775,0.06221198156682028
266,1372,0.035350509286998205,0.0341521869382864,2.0,-0.835464843750001,-10.10603906250001,1.0,-1.2930468750000004,-6.904937500000003,0.06451612903225806,0.06221198156682028
267,112,0.14140203714799282,0.0341521869382864,3.0,-1.613878906250001,-9.84310156250001,1.0,-1.2930468750000004,-6.904937500000003,0.14055299539170507,0.06221198156682028
268,942,0.035949670461354104,0.0341521869382864,2.0,-0.9254804687500009,-10.18730468750001,1.0,-1.2930468750000004,-6.904937500000003,0.06682027649769585,0.06221198156682028
269,806,0.22109047333732773,0.0341521869382864,1.0,-0.31042187500000096,-10.43534375000001,1.0,-1.2930468750000004,-6.904937500000003,0.2350230414746544,0.06221198156682028
270,466,0.0347513481126423,0.0341521869382864,2.0,-1.097296875000001,-10.14409375000001,1.0,-1.2930468750000004,-6.904937500000003,0.059907834101382486,0.06221198156682028
271,730,0.170760934691432,0.0341521869382864,1.0,-0.576722656250001,-10.35178906250001,1.0,-1.2930468750000004,-6.904937500000003,0.16589861751152074,0.06221198156682028
272,612,0.0341521869382864,0.0341521869382864,2.0,-1.370648437500001,-10.19560937500001,1.0,-1.2930468750000004,-6.904937500000003,0.059907834101382486,0.06221198156682028
273,793,0.1665668064709407,0.0341521869382864,1.0,-0.614675781250001,-10.436210937500011,1.0,-1.2930468750000004,-6.904937500000003,0.16589861751152074,0.06221198156682028
274,1388,0.0347513481126423,0.0341521869382864,2.0,-1.177023437500001,-10.27501562500001,1.0,-1.2930468750000004,-6.904937500000003,0.059907834101382486,0.06221198156682028
275,1457,0.14679448771719592,0.0341521869382864,3.0,-1.812042968750001,-9.98438281250001,1.0,-1.2930468750000004,-6.904937500000003,0.14285714285714285,0.06221198156682028
276,1002,0.035350509286998205,0.0341521869382864,2.0,-1.101511718750001,-10.24228906250001,1.0,-1.2930468750000004,-6.904937500000003,0.06451612903225806,0.06221198156682028
277,1171,0.1390053924505692,0.0341521869382864,3.0,-1.654171875000001,-9.97523437500001,1.0,-1.2930468750000004,-6.904937500000003,0.1382488479262673,0.06221198156682028
278,1559,0.0347513481126423,0.0341521869382864,2.0,-0.8942773437500009,-10.20111718750001,1.0,-1.2930468750000004,-6.904937500000003,0.06682027649769585,0.06221198156682028
279,1130,0.11923307369682444,0.0341521869382864,3.0,-1.316167968750001,-9.83621093750001,1.0,-1.2930468750000004,-6.904937500000003,0.12211981566820276,0.06221198156682028
280,730,0.0347513481126423,0.0341521869382864,2.0,-0.795593750000001,-10.04390625000001,1.0,-1.2930468750000004,-6.904937500000003,0.06451612903225806,0.06221198156682028
281,117,0.1324146195326543,0.0341521869382864,3.0,-1.451589843750001,-9.76624218750001,1.0,-1.2930468750000004,-6.904937500000003,0.1336405529953917,0.06221198156682028
282,935,0.0347513481126423,0.0341521869382864,2.0,-0.8404648437500011,-10.10510156250001,1.0,-1.2930468750000004,-6.904937500000003,0.06451612903225806,0.06221198156682028
283,407,0.140203714799281,0.0341521869382864,3.0,-1.5161210937500011,-9.73341406250001,1.0,-1.2930468750000004,-6.904937500000003,0.1382488479262673,0.06221198156682028
284,979,0.035350509286998205,0.0341521869382864,2.0,-0.8344492187500012,-10.09988281250001,1.0,-1.2930468750000004,-6.904937500000003,0.06451612903225806,0.06221198156682028
285,83,0.286399041342121,0.0341521869382864,1.0,-0.034683593750001185,-10.25911718750001,1.0,-1.2930468750000004,-6.904937500000003,0.2857142857142857,0.06221198156682028
286,1410,0.035350509286998205,0.0341521869382864,2.0,-0.7818945312500012,-10.05183593750001,1.0,-1.2930468750000004,-6.904937500000003,0.06451612903225806,0.06221198156682028
287,1579,0.1288196524865189,0.0341521869382864,3.0,-1.3995625000000014,-9.76271875000001,1.0,-1.2930468750000004,-6.904937500000003,0.1336405529953917,0.06221198156682028
288,226,0.0347513481126423,0.0341521869382864,2.0,-0.8290078125000013,-10.12753125000001,1.0,-1.2930468750000004,-6.904937500000003,0.06451612903225806,0.06221198156682028
289,1465,0.1420011983223487,0.0341521869382864,3.0,-1.6206796875000014,-9.852156250000009,1.0,-1.2930468750000004,-6.904937500000003,0.14055299539170507,0.06221198156682028
290,740,0.0341521869382864,0.0341521869382864,2.0,-1.1480664062500012,-10.09183593750001,1.0,-1.2930468750000004,-6.904937500000003,0.06221198156682028,0.06221198156682028
291,89,0.19652486518873577,0.0341521869382864,1.0,-0.43526953125000123,-10.35771093750001,1.0,-1.2930468750000004,-6.904937500000003,0.20506912442396313,0.06221198156682028
292,1509,0.0341521869382864,0.0341521869382864,2.0,-1.1871875000000012,-10.15735937500001,1.0,-1.2930468750000004,-6.904937500000003,0.06221198156682028,0.06221198156682028
293,1599,0.19892150988615936,0.0341521869382864,1.0,-0.43562890625000117,-10.43077343750001,1.0,-1.2930468750000004,-6.904937500000003,0.2073732718894009,0.06221198156682028
294,86,0.0341521869382864,0.0341521869382864,2.0,-1.0690195312500013,-10.26386718750001,1.0,-1.2930468750000004,-6.904937500000003,0.06451612903225806,0.06221198156682028
295,948,0.1431995206710605,0.0341521869382864,3.0,-1.7008515625000014,-9.95040625000001,1.0,-1.2930468750000004,-6.904937500000003,0.14055299539170507,0.06221198156682028
296,1348,0.0347513481126423,0.0341521869382864,2.0,-1.1583945312500012,-10.28882031250001,1.0,-1.2930468750000004,-6.904937500000003,0.059907834101382486,0.06221198156682028
297,1422,0.2067106051527861,0.0341521869382864,1.0,-0.40051171875000124,-10.553726562500009,1.0,-1.2930468750000004,-6.904937500000003,0.22119815668202766,0.06221198156682028
298,647,0.0347513481126423,0.0341521869382864,2.0,-1.1290820312500012,-10.372414062500008,1.0,-1.2930468750000004,-6.904937500000003,0.06451612903225806,0.06221198156682028
299,1510,0.22468544038346316,0.0341521869382864,1.0,-0.32708203125000124,-10.613632812500008,1.0,-1.2930468750000004,-6.904937500000003,0.23963133640552994,0.06221198156682028
300,1400,0.0347513481126423,0.0341521869382864,2.0,-1.019222656250001,-10.496335937500008,1.0,-1.2930468750000004,-6.904937500000003,0.06682027649769585,0.06221198156682028
301,207,0.11863391252246855,0.0341521869382864,3.0,-1.539968750000001,-10.191968750000008,1.0,-1.2930468750000004,-6.904937500000003,0.12211981566820276,0.06221198156682028
302,11,0.0341521869382864,0.0341521869382864,2.0,-0.990652343750001,-10.569226562500008,1.0,-1.2930468750000004,-6.904937500000003,0.06451612903225806,0.06221198156682028
303,122,0.11863391252246855,0.0341521869382864,3.0,-1.597347656250001,-10.277210937500008,1.0,-1.2930468750000004,-6.904937500000003,0.12211981566820276,0.06221198156682028
304,730,0.035350509286998205,0.0341521869382864,2.0,-1.076773437500001,-10.484906250000009,1.0,-1.2930468750000004,-6.904937500000003,0.06451612903225806,0.06221198156682028
305,207,0.12162971839424805,0.0341521869382864,3.0,-1.597519531250001,-10.180539062500008,1.0,-1.2930468750000004,-6.904937500000003,0.12442396313364056,0.06221198156682028
306,94,0.0347513481126423,0.0341521869382864,2.0,-1.003453125000001,-10.502484375000009,1.0,-1.2930468750000004,-6.904937500000003,0.06682027649769585,0.06221198156682028
307,473,0.12103055721989216,0.0341521869382864,3.0,-1.609660156250001,-10.21497656250001,1.0,-1.2930468750000004,-6.904937500000003,0.12442396313364056,0.06221198156682028
308,1069,0.035949670461354104,0.0341521869382864,2.0,-1.067820312500001,-10.564609375000009,1.0,-1.2930468750000004,-6.904937500000003,0.06682027649769585,0.06221198156682028
309,838,0.21749550629119233,0.0341521869382864,1.0,-0.386582031250001,-10.82178906250001,1.0,-1.2930468750000004,-6.904937500000003,0.23271889400921658,0.06221198156682028
310,453,0.0347513481126423,0.0341521869382864,2.0,-1.092343750000001,-10.68643750000001,1.0,-1.2930468750000004,-6.904937500000003,0.06682027649769585,0.06221198156682028
311,1589,0.12043139604553625,0.0341521869382864,3.0,-1.718445312500001,-10.41012500000001,1.0,-1.2930468750000004,-6.904937500000003,0.12211981566820276,0.06221198156682028
312,1119,0.035350509286998205,0.0341521869382864,2.0,-1.095714843750001,-10.67988281250001,1.0,-1.2930468750000004,-6.904937500000003,0.06682027649769585,0.06221198156682028
313,1130,0.11204313960455363,0.0341521869382864,3.0,-1.5176054687500011,-10.314976562500009,1.0,-1.2930468750000004,-6.904937500000003,0.1175115207373272,0.06221198156682028
314,1554,0.035350509286998205,0.0341521869382864,2.0,-0.9353085937500011,-10.50380468750001,1.0,-1.2930468750000004,-6.904937500000003,0.06451612903225806,0.06221198156682028
315,1435,0.10844817255841821,0.0341521869382864,3.0,-1.3947070312500012,-10.218148437500009,1.0,-1.2930468750000004,-6.904937500000003,0.1152073732718894,0.06221198156682028
316,229,0.035949670461354104,0.0341521869382864,2.0,-0.7912382812500012,-10.513664062500009,1.0,-1.2930468750000004,-6.904937500000003,0.06912442396313365,0.06221198156682028
317,83,0.31935290593169563,0.0341521869382864,1.0,0.008527343749998861,-10.67289843750001,1.0,-1.2930468750000004,-6.904937500000003,0.3064516129032258,0.06221198156682028
318,1445,0.035949670461354104,0.0341521869382864,2.0,-0.7490195312500012,-10.42852343750001,1.0,-1.2930468750000004,-6.904937500000003,0.06912442396313365,0.06221198156682028
319,549,0.11324146195326543,0.0341521869382864,3.0,-1.3841914062500011,-10.06952343750001,1.0,-1.2930468750000004,-6.904937500000003,0.1175115207373272,0.06221198156682028
320,92,0.035949670461354104,0.0341521869382864,2.0,-0.7390703125000011,-10.40025000000001,1.0,-1.2930468750000004,-6.904937500000003,0.06912442396313365,0.06221198156682028
321,730,0.2534451767525464,0.0341521869382864,1.0,-0.21849609375000112,-10.60794531250001,1.0,-1.2930468750000004,-6.904937500000003,0.2672811059907834,0.06221198156682028
322,565,0.0341521869382864,0.0341521869382864,2.0,-0.9833789062500011,-10.49432031250001,1.0,-1.2930468750000004,-6.904937500000003,0.06451612903225806,0.06221198156682028
323,730,0.2019173157579389,0.0341521869382864,1.0,-0.46280468750000114,-10.70201562500001,1.0,-1.2930468750000004,-6.904937500000003,0.20967741935483872,0.06221198156682028
324,674,0.035350509286998205,0.0341521869382864,2.0,-1.0903671875000012,-10.571125000000011,1.0,-1.2930468750000004,-6.904937500000003,0.06451612903225806,0.06221198156682028
325,491,0.18214499700419412,0.0341521869382864,1.0,-0.5919375000000012,-10.71153125000001,1.0,-1.2930468750000004,-6.904937500000003,0.17511520737327188,0.06221198156682028
326,784,0.0341521869382864,0.0341521869382864,2.0,-1.1838085937500011,-10.562695312500011,1.0,-1.2930468750000004,-6.904937500000003,0.06451612903225806,0.06221198156682028
327,806,0.18933493109646496,0.0341521869382864,1.0,-0.5687500000000012,-10.810734375000012,1.0,-1.2930468750000004,-6.904937500000003,0.18433179723502305,0.06221198156682028
328,1628,0.035350509286998205,0.0341521869382864,2.0,-1.2950390625000012,-10.631640625000012,1.0,-1.2930468750000004,-6.904937500000003,0.059907834101382486,0.06221198156682028
329,1158,0.14439784301977232,0.0341521869382864,3.0,-2.002187500000001,-10.331187500000011,1.0,-1.2930468750000004,-6.904937500000003,0.14285714285714285,0.06221198156682028
330,1211,0.0341521869382864,0.0341521869382864,2.0,-1.3853476562500011,-10.711960937500011,1.0,-1.2930468750000004,-6.904937500000003,0.06221198156682028,0.06221198156682028
331,6,0.14739364889155182,0.0341521869382864,3.0,-2.101261718750001,-10.364492187500012,1.0,-1.2930468750000004,-6.904937500000003,0.14285714285714285,0.06221198156682028
332,589,0.0341521869382864,0.0341521869382864,2.0,-1.418042968750001,-10.762601562500013,1.0,-1.2930468750000004,-6.904937500000003,0.06221198156682028,0.06221198156682028
333,1663,0.14379868184541642,0.0341521869382864,3.0,-2.0438046875000007,-10.394375000000013,1.0,-1.2930468750000004,-6.904937500000003,0.14285714285714285,0.06221198156682028
334,530,0.29358897543439183,0.0341521869382864,4.0,-2.6033046875000005,-9.957625000000013,1.0,-1.2930468750000004,-6.904937500000003,0.3064516129032258,0.06221198156682028
335,856,0.14739364889155182,0.0341521869382864,3.0,-2.1294453125000006,-10.404125000000013,1.0,-1.2930468750000004,-6.904937500000003,0.14285714285714285,0.06221198156682028
336,1431,0.033553025763930495,0.033553025763930495,2.0,-1.5869609375000007,-10.757593750000012,2.0,-1.5869609375000007,-10.757593750000012,0.059907834101382486,0.059907834101382486
337,1106,0.15218693828639904,0.033553025763930495,1.0,-0.8227695312500006,-10.969726562500012,2.0,-1.5869609375000007,-10.757593750000012,0.14746543778801843,0.059907834101382486
338,1485,0.0341521869382864,0.033553025763930495,2.0,-1.4218320312500006,-10.551960937500013,2.0,-1.5869609375000007,-10.757593750000012,0.055299539170506916,0.059907834101382486
339,351,0.15698022768124625,0.033553025763930495,3.0,-2.1290507812500006,-10.190929687500013,2.0,-1.5869609375000007,-10.757593750000012,0.16129032258064516,0.059907834101382486
340,868,0.0341521869382864,0.033553025763930495,2.0,-1.4126093750000006,-10.487140625000013,2.0,-1.5869609375000007,-10.757593750000012,0.0576036866359447,0.059907834101382486
341,1115,0.15218693828639904,0.033553025763930495,1.0,-0.7748671875000006,-10.724015625000012,2.0,-1.5869609375000007,-10.757593750000012,0.14746543778801843,0.059907834101382486
342,527,0.033553025763930495,0.033553025763930495,2.0,-1.3844062500000005,-10.551359375000013,2.0,-1.5869609375000007,-10.757593750000012,0.059907834101382486,0.059907834101382486
343,948,0.14799281006590773,0.033553025763930495,3.0,-2.0162382812500006,-10.237898437500013,2.0,-1.5869609375000007,-10.757593750000012,0.14285714285714285,0.059907834101382486
344,1639,0.033553025763930495,0.033553025763930495,2.0,-1.3603007812500005,-10.569648437500012,2.0,-1.5869609375000007,-10.757593750000012,0.06221198156682028,0.059907834101382486
345,1375,0.18633912522468543,0.033553025763930495,1.0,-0.5953828125000005,-10.818000000000012,2.0,-1.5869609375000007,-10.757593750000012,0.1774193548387097,0.059907834101382486
346,500,0.033553025763930495,0.033553025763930495,2.0,-1.4063398437500005,-10.680398437500012,2.0,-1.5869609375000007,-10.757593750000012,0.06221198156682028,0.059907834101382486
347,91,0.15338526063511085,0.033553025763930495,1.0,-0.7938476562500005,-10.917617187500012,2.0,-1.5869609375000007,-10.757593750000012,0.14746543778801843,0.059907834101382486
348,343,0.0341521869382864,0.033553025763930495,2.0,-1.5927851562500006,-10.700117187500013,2.0,-1.5869609375000007,-10.757593750000012,0.059907834101382486,0.059907834101382486
349,490,0.15098861593768723,0.033553025763930495,3.0,-2.1948437500000004,-10.368453125000013,2.0,-1.5869609375000007,-10.757593750000012,0.15898617511520738,0.059907834101382486
350,1443,0.033553025763930495,0.033553025763930495,2.0,-1.5554648437500005,-10.686351562500013,2.0,-1.5869609375000007,-10.757593750000012,0.059907834101382486,0.059907834101382486
351,490,0.15038945476333135,0.033553025763930495,3.0,-2.1575234375000005,-10.354687500000013,2.0,-1.5869609375000007,-10.757593750000012,0.1543778801843318,0.059907834101382486
352,1257,0.0341521869382864,0.033553025763930495,2.0,-1.4728046875000005,-10.660687500000012,2.0,-1.5869609375000007,-10.757593750000012,0.055299539170506916,0.059907834101382486
353,490,0.14739364889155182,0.033553025763930495,3.0,-2.0748632812500007,-10.329023437500013,2.0,-1.5869609375000007,-10.757593750000012,0.14285714285714285,0.059907834101382486
354,1069,0.033553025763930495,0.033553025763930495,2.0,-1.5330234375000007,-10.678656250000012,2.0,-1.5869609375000007,-10.757593750000012,0.059907834101382486,0.059907834101382486
355,838,0.14739364889155182,0.033553025763930495,1.0,-0.8517851562500007,-10.935835937500013,2.0,-1.5869609375000007,-10.757593750000012,0.14516129032258066,0.059907834101382486
356,1594,0.0347513481126423,0.033553025763930495,2.0,-1.6415351562500007,-10.779179687500013,2.0,-1.5869609375000007,-10.757593750000012,0.059907834101382486,0.059907834101382486
357,847,0.1426003594967046,0.033553025763930495,1.0,-0.9126953125000006,-11.074890625000013,2.0,-1.5869609375000007,-10.757593750000012,0.14516129032258066,0.059907834101382486
358,1552,0.033553025763930495,0.033553025763930495,2.0,-1.5998632812500007,-10.913164062500012,2.0,-1.5869609375000007,-10.757593750000012,0.0576036866359447,0.059907834101382486
359,1609,0.12282804074295986,0.033553025763930495,3.0,-1.8967187500000007,-10.617250000000013,2.0,-1.5869609375000007,-10.757593750000012,0.12442396313364056,0.059907834101382486
360,1177,0.035350509286998205,0.033553025763930495,2.0,-1.2330976562500007,-10.964492187500014,2.0,-1.5869609375000007,-10.757593750000012,0.06451612903225806,0.059907834101382486
361,1115,0.19652486518873577,0.033553025763930495,1.0,-0.5953554687500007,-11.201367187500013,2.0,-1.5869609375000007,-10.757593750000012,0.20276497695852536,0.059907834101382486
362,1435,0.035949670461354104,0.033553025763930495,2.0,-1.0547539062500007,-10.915710937500013,2.0,-1.5869609375000007,-10.757593750000012,0.06451612903225806,0.059907834101382486
363,1663,0.11204313960455363,0.033553025763930495,3.0,-1.6805156250000006,-10.547484375000012,2.0,-1.5869609375000007,-10.757593750000012,0.1175115207373272,0.059907834101382486
364,518,0.0347513481126423,0.033553025763930495,2.0,-1.0877617187500006,-10.877351562500012,2.0,-1.5869609375000007,-10.757593750000012,0.06451612903225806,0.059907834101382486
365,1106,0.24565608148591972,0.033553025763930495,1.0,-0.32357031250000057,-11.089484375000012,2.0,-1.5869609375000007,-10.757593750000012,0.26036866359447003,0.059907834101382486
366,263,0.033553025763930495,0.033553025763930495,2.0,-1.1579531250000006,-10.941843750000013,2.0,-1.5869609375000007,-10.757593750000012,0.06682027649769585,0.059907834101382486
367,169,0.23187537447573398,0.033553025763930495,1.0,-0.38595703125000047,-11.149320312500013,2.0,-1.5869609375000007,-10.757593750000012,0.24423963133640553,0.059907834101382486
368,1166,0.035949670461354104,0.033553025763930495,2.0,-1.0477773437500004,-11.018960937500013,2.0,-1.5869609375000007,-10.757593750000012,0.06682027649769585,0.059907834101382486
369,91,0.22288795686039545,0.033553025763930495,1.0,-0.4352851562500004,-11.256179687500014,2.0,-1.5869609375000007,-10.757593750000012,0.23732718894009217,0.059907834101382486
370,1241,0.035350509286998205,0.033553025763930495,2.0,-1.1083750000000006,-10.980390625000014,2.0,-1.5869609375000007,-10.757593750000012,0.06451612903225806,0.059907834101382486
371,1465,0.12043139604553625,0.033553025763930495,3.0,-1.9000468750000006,-10.705015625000014,2.0,-1.5869609375000007,-10.757593750000012,0.11981566820276497,0.059907834101382486
372,252,0.0347513481126423,0.033553025763930495,2.0,-1.2938710937500006,-11.076414062500014,2.0,-1.5869609375000007,-10.757593750000012,0.06451612903225806,0.059907834101382486
373,1171,0.11144397843019772,0.033553025763930495,3.0,-1.8465312500000006,-10.809359375000014,2.0,-1.5869609375000007,-10.757593750000012,0.1152073732718894,0.059907834101382486
374,790,0.0341521869382864,0.033553025763930495,2.0,-1.4232968750000006,-11.125625000000014,2.0,-1.5869609375000007,-10.757593750000012,0.06451612903225806,0.059907834101382486
375,1554,0.15937687237866988,0.033553025763930495,1.0,-0.8410000000000005,-11.314453125000014,2.0,-1.5869609375000007,-10.757593750000012,0.15668202764976957,0.059907834101382486
376,1512,0.035350509286998205,0.033553025763930495,2.0,-1.2923437500000006,-11.134421875000013,2.0,-1.5869609375000007,-10.757593750000012,0.06451612903225806,0.059907834101382486
377,1002,0.2019173157579389,0.033553025763930495,1.0,-0.5818125000000005,-11.392328125000013,2.0,-1.5869609375000007,-10.757593750000012,0.2119815668202765,0.059907834101382486
378,913,0.035949670461354104,0.033553025763930495,2.0,-1.3187773437500006,-11.249304687500013,2.0,-1.5869609375000007,-10.757593750000012,0.06682027649769585,0.059907834101382486
379,1364,0.11324146195326543,0.033553025763930495,3.0,-2.0061757812500005,-10.986679687500013,2.0,-1.5869609375000007,-10.757593750000012,0.1152073732718894,0.059907834101382486
380,991,0.035949670461354104,0.033553025763930495,2.0,-1.3610468750000004,-11.366250000000013,2.0,-1.5869609375000007,-10.757593750000012,0.06682027649769585,0.059907834101382486
381,1380,0.20071899340922708,0.033553025763930495,1.0,-0.6380078125000004,-11.619609375000014,2.0,-1.5869609375000007,-10.757593750000012,0.2073732718894009,0.059907834101382486
382,358,0.03654883163571001,0.033553025763930495,2.0,-1.1364570312500004,-11.455445312500014,2.0,-1.5869609375000007,-10.757593750000012,0.07142857142857142,0.059907834101382486
383,1430,0.09227082085080887,0.033553025763930495,3.0,-1.7518554687500005,-11.192257812500014,2.0,-1.5869609375000007,-10.757593750000012,0.10138248847926268,0.059907834101382486
384,947,0.03894547633313361,0.033553025763930495,2.0,-1.0381210937500005,-11.443070312500014,2.0,-1.5869609375000007,-10.757593750000012,0.07142857142857142,0.059907834101382486
385,1364,0.09227082085080887,0.033553025763930495,3.0,-1.7255195312500005,-11.180445312500014,2.0,-1.5869609375000007,-10.757593750000012,0.10138248847926268,0.059907834101382486
386,942,0.040143798681845415,0.033553025763930495,2.0,-1.0371210937500004,-11.524648437500014,2.0,-1.5869609375000007,-10.757593750000012,0.06912442396313365,0.059907834101382486
387,446,0.08448172558418214,0.033553025763930495,3.0,-1.6478828125000005,-11.293109375000014,2.0,-1.5869609375000007,-10.757593750000012,0.08986175115207373,0.059907834101382486
388,188,0.04074295985620132,0.033553025763930495,2.0,-1.0703007812500005,-11.637726562500013,2.0,-1.5869609375000007,-10.757593750000012,0.06912442396313365,0.059907834101382486
389,799,0.08867585380467345,0.033553025763930495,3.0,-1.8111914062500005,-11.396648437500014,2.0,-1.5869609375000007,-10.757593750000012,0.09907834101382489,0.059907834101382486
390,1639,0.037747153984421807,0.033553025763930495,2.0,-1.1552539062500005,-11.728398437500013,2.0,-1.5869609375000007,-10.757593750000012,0.07142857142857142,0.059907834101382486
391,83,0.26542840023966446,0.033553025763930495,1.0,-0.3554882812500004,-11.887632812500014,2.0,-1.5869609375000007,-10.757593750000012,0.2695852534562212,0.059907834101382486
392,954,0.040143798681845415,0.033553025763930495,2.0,-1.0986601562500005,-11.770132812500014,2.0,-1.5869609375000007,-10.757593750000012,0.07142857142857142,0.059907834101382486
393,591,0.08268424206111444,0.033553025763930495,3.0,-1.7147929687500003,-11.513539062500014,2.0,-1.5869609375000007,-10.757593750000012,0.08986175115207373,0.059907834101382486
394,12,0.044337926902336726,0.033553025763930495,2.0,-0.9983242187500003,-11.851554687500014,2.0,-1.5869609375000007,-10.757593750000012,0.07373271889400922,0.059907834101382486
395,799,0.08148591971240264,0.033553025763930495,3.0,-1.7392148437500003,-11.610476562500015,2.0,-1.5869609375000007,-10.757593750000012,0.08525345622119816,0.059907834101382486
396,1348,0.040143798681845415,0.033553025763930495,2.0,-1.1967578125000005,-11.948890625000015,2.0,-1.5869609375000007,-10.757593750000012,0.07373271889400922,0.059907834101382486
397,1340,0.08747753145596165,0.033553025763930495,3.0,-2.0017617187500005,-11.700539062500015,2.0,-1.5869609375000007,-10.757593750000012,0.09907834101382489,0.059907834101382486
398,1622,0.035949670461354104,0.033553025763930495,2.0,-1.4040742187500006,-12.038664062500015,2.0,-1.5869609375000007,-10.757593750000012,0.06682027649769585,0.059907834101382486
399,810,0.09047333732774117,0.033553025763930495,3.0,-2.163351562500001,-11.769531250000014,2.0,-1.5869609375000007,-10.757593750000012,0.10599078341013825,0.059907834101382486
400,1040,0.0347513481126423,0.033553025763930495,2.0,-1.531886718750001,-12.122398437500014,2.0,-1.5869609375000007,-10.757593750000012,0.06682027649769585,0.059907834101382486
401,1609,0.07968843618933494,0.033553025763930495,3.0,-1.828742187500001,-11.826484375000014,2.0,-1.5869609375000007,-10.757593750000012,0.08294930875576037,0.059907834101382486
402,670,0.037747153984421807,0.033553025763930495,2.0,-1.2918242187500009,-12.103054687500014,2.0,-1.5869609375000007,-10.757593750000012,0.07142857142857142,0.059907834101382486
403,1435,0.07849011384062313,0.033553025763930495,3.0,-1.7512226562500008,-11.817398437500014,2.0,-1.5869609375000007,-10.757593750000012,0.07834101382488479,0.059907834101382486
404,409,0.04553624925104853,0.033553025763930495,2.0,-1.0488906250000007,-12.122296875000014,2.0,-1.5869609375000007,-10.757593750000012,0.07603686635944701,0.059907834101382486
405,490,0.07609346914319952,0.033553025763930495,3.0,-1.6509492187500008,-11.790632812500014,2.0,-1.5869609375000007,-10.757593750000012,0.07373271889400922,0.059907834101382486
406,1132,0.04074295985620132,0.033553025763930495,2.0,-1.1839375000000008,-12.042562500000015,2.0,-1.5869609375000007,-10.757593750000012,0.07142857142857142,0.059907834101382486
407,948,0.08148591971240264,0.033553025763930495,3.0,-1.8157695312500008,-11.729101562500015,2.0,-1.5869609375000007,-10.757593750000012,0.08064516129032258,0.059907834101382486
408,417,0.03894547633313361,0.033553025763930495,2.0,-1.2348867187500008,-12.028554687500014,2.0,-1.5869609375000007,-10.757593750000012,0.07373271889400922,0.059907834101382486
409,1158,0.08508088675853805,0.033553025763930495,3.0,-1.9420351562500007,-11.728101562500013,2.0,-1.5869609375000007,-10.757593750000012,0.09216589861751152,0.059907834101382486
410,1020,0.037747153984421807,0.033553025763930495,2.0,-1.2785117187500006,-12.060148437500013,2.0,-1.5869609375000007,-10.757593750000012,0.07142857142857142,0.059907834101382486
411,1559,0.24565608148591972,0.033553025763930495,1.0,-0.5186171875000005,-12.286031250000013,2.0,-1.5869609375000007,-10.757593750000012,0.26036866359447003,0.059907834101382486
412,1010,0.037747153984421807,0.033553025763930495,2.0,-1.3048710937500005,-12.162773437500013,2.0,-1.5869609375000007,-10.757593750000012,0.07373271889400922,0.059907834101382486
413,1510,0.25284601557819053,0.033553025763930495,1.0,-0.5028710937500006,-12.403992187500013,2.0,-1.5869609375000007,-10.757593750000012,0.2695852534562212,0.059907834101382486
414,1586,0.04553624925104853,0.033553025763930495,2.0,-1.0731523437500008,-12.232757812500013,2.0,-1.5869609375000007,-10.757593750000012,0.07603686635944701,0.059907834101382486
415,169,0.30317555422408626,0.033553025763930495,1.0,-0.3011562500000007,-12.440234375000014,2.0,-1.5869609375000007,-10.757593750000012,0.2880184331797235,0.059907834101382486
416,140,0.050928699820251645,0.033553025763930495,2.0,-0.8749335937500007,-12.345320312500014,2.0,-1.5869609375000007,-10.757593750000012,0.08294930875576037,0.059907834101382486
417,715,0.07070101857399641,0.033553025763930495,3.0,-1.6900351562500007,-12.103601562500014,2.0,-1.5869609375000007,-10.757593750000012,0.07834101382488479,0.059907834101382486
418,869,0.05032953864589575,0.033553025763930495,2.0,-0.9811367187500006,-12.415257812500014,2.0,-1.5869609375000007,-10.757593750000012,0.07834101382488479,0.059907834101382486
419,808,0.05871779508687837,0.033553025763930495,3.0,-1.4754414062500008,-12.182179687500014,2.0,-1.5869609375000007,-10.757593750000012,0.07603686635944701,0.059907834101382486
420,1191,0.050928699820251645,0.033553025763930495,2.0,-0.9082460937500008,-12.481710937500013,2.0,-1.5869609375000007,-10.757593750000012,0.08294930875576037,0.059907834101382486
421,462,0.06051527860994608,0.033553025763930495,3.0,-1.5375976562500007,-12.200101562500013,2.0,-1.5869609375000007,-10.757593750000012,0.07834101382488479,0.059907834101382486
422,407,0.19352905931695627,0.033553025763930495,4.0,-2.2132539062500007,-11.828414062500013,2.0,-1.5869609375000007,-10.757593750000012,0.2073732718894009,0.059907834101382486
423,1114,0.07070101857399641,0.033553025763930495,3.0,-1.5566289062500007,-11.993820312500013,2.0,-1.5869609375000007,-10.757593750000012,0.07834101382488479,0.059907834101382486
424,778,0.050928699820251645,0.033553025763930495,2.0,-0.8980429687500007,-12.275726562500013,2.0,-1.5869609375000007,-10.757593750000012,0.08064516129032258,0.059907834101382486
425,1567,0.07070101857399641,0.033553025763930495,3.0,-1.6436445312500005,-12.010320312500014,2.0,-1.5869609375000007,-10.757593750000012,0.07834101382488479,0.059907834101382486
426,92,0.04913121629718394,0.033553025763930495,2.0,-0.9985234375000005,-12.341046875000014,2.0,-1.5869609375000007,-10.757593750000012,0.07834101382488479,0.059907834101382486
427,1324,0.07309766327142002,0.033553025763930495,3.0,-1.7598632812500006,-12.091789062500014,2.0,-1.5869609375000007,-10.757593750000012,0.07603686635944701,0.059907834101382486
428,1209,0.04553624925104853,0.033553025763930495,2.0,-1.1333515625000006,-12.385750000000014,2.0,-1.5869609375000007,-10.757593750000012,0.07603686635944701,0.059907834101382486
429,421,0.07849011384062313,0.033553025763930495,3.0,-1.9200664062500006,-12.124757812500015,2.0,-1.5869609375000007,-10.757593750000012,0.07834101382488479,0.059907834101382486
430,204,0.041941282204913125,0.033553025763930495,2.0,-1.2885742187500004,-12.432664062500015,2.0,-1.5869609375000007,-10.757593750000012,0.07142857142857142,0.059907834101382486
431,462,0.07849011384062313,0.033553025763930495,3.0,-1.9179257812500003,-12.151054687500014,2.0,-1.5869609375000007,-10.757593750000012,0.07373271889400922,0.059907834101382486
432,794,0.04493708807669263,0.033553025763930495,2.0,-1.1737695312500003,-12.461867187500015,2.0,-1.5869609375000007,-10.757593750000012,0.07603686635944701,0.059907834101382486
433,1609,0.05871779508687837,0.033553025763930495,3.0,-1.4706250000000003,-12.165953125000016,2.0,-1.5869609375000007,-10.757593750000012,0.07603686635944701,0.059907834101382486
434,1451,0.05991611743559017,0.033553025763930495,2.0,-0.7313593750000003,-12.465796875000017,2.0,-1.5869609375000007,-10.757593750000012,0.08986175115207373,0.059907834101382486
435,391,0.056920311563810666,0.033553025763930495,3.0,-1.4373164062500003,-12.262710937500017,2.0,-1.5869609375000007,-10.757593750000012,0.07603686635944701,0.059907834101382486
436,838,0.05991611743559017,0.033553025763930495,2.0,-0.7560781250000004,-12.519890625000018,2.0,-1.5869609375000007,-10.757593750000012,0.08525345622119816,0.059907834101382486
437,834,0.056920311563810666,0.033553025763930495,3.0,-1.4099687500000004,-12.250093750000017,2.0,-1.5869609375000007,-10.757593750000012,0.07603686635944701,0.059907834101382486
438,1510,0.0677052127022169,0.033553025763930495,2.0,-0.6079687500000005,-12.491312500000017,2.0,-1.5869609375000007,-10.757593750000012,0.0944700460829493,0.059907834101382486
439,236,0.048532055122828044,0.033553025763930495,3.0,-1.1813867187500007,-12.272882812500017,2.0,-1.5869609375000007,-10.757593750000012,0.07603686635944701,0.059907834101382486
440,1209,0.07549430796884361,0.033553025763930495,2.0,-0.5548750000000007,-12.566843750000016,2.0,-1.5869609375000007,-10.757593750000012,0.0967741935483871,0.059907834101382486
441,1548,0.039544637507489516,0.033553025763930495,3.0,-0.9993632812500007,-12.386007812500017,2.0,-1.5869609375000007,-10.757593750000012,0.07142857142857142,0.059907834101382486
442,1559,0.09886159376872379,0.033553025763930495,2.0,-0.23946875000000067,-12.611890625000017,2.0,-1.5869609375000007,-10.757593750000012,0.10829493087557604,0.059907834101382486
443,467,0.039544637507489516,0.033553025763930495,3.0,-1.0204062500000006,-12.402781250000016,2.0,-1.5869609375000007,-10.757593750000012,0.06912442396313365,0.059907834101382486
444,237,0.14979029358897544,0.033553025763930495,4.0,-1.5251210937500006,-12.046867187500016,2.0,-1.5869609375000007,-10.757593750000012,0.1543778801843318,0.059907834101382486
445,981,0.0341521869382864,0.033553025763930495,3.0,-0.8326093750000007,-12.366656250000016,2.0,-1.5869609375000007,-10.757593750000012,0.06682027649769585,0.059907834101382486
446,122,0.14499700419412823,0.033553025763930495,4.0,-1.4393046875000006,-12.074640625000017,2.0,-1.5869609375000007,-10.757593750000012,0.1497695852534562,0.059907834101382486
447,194,0.0341521869382864,0.033553025763930495,3.0,-0.8617695312500007,-12.473195312500017,2.0,-1.5869609375000007,-10.757593750000012,0.06682027649769585,0.059907834101382486
448,122,0.14080287597363692,0.033553025763930495,4.0,-1.4684648437500005,-12.181179687500018,2.0,-1.5869609375000007,-10.757593750000012,0.14055299539170507,0.059907834101382486
449,354,0.0341521869382864,0.033553025763930495,3.0,-0.9215625000000005,-12.538984375000018,2.0,-1.5869609375000007,-10.757593750000012,0.06451612903225806,0.059907834101382486
450,1510,0.11324146195326543,0.033553025763930495,2.0,-0.11956250000000057,-12.780203125000018,2.0,-1.5869609375000007,-10.757593750000012,0.1175115207373272,0.059907834101382486
451,1179,0.033553025763930495,0.033553025763930495,3.0,-0.9025625000000005,-12.606562500000017,2.0,-1.5869609375000007,-10.757593750000012,0.06682027649769585,0.059907834101382486
452,1106,0.11264230077890952,0.033553025763930495,2.0,-0.13837109375000045,-12.818695312500017,2.0,-1.5869609375000007,-10.757593750000012,0.1152073732718894,0.059907834101382486
453,1663,0.0329538645895746,0.0329538645895746,3.0,-0.7641328125000004,-12.450468750000017,3.0,-0.7641328125000004,-12.450468750000017,0.06451612903225806,0.06451612903225806
454,793,0.12342720191731575,0.0329538645895746,2.0,-0.008160156250000439,-12.691070312500017,3.0,-0.7641328125000004,-12.450468750000017,0.12672811059907835,0.06451612903225806
455,75,0.035350509286998205,0.0329538645895746,3.0,-0.6216640625000005,-12.524218750000017,3.0,-0.7641328125000004,-12.450468750000017,0.06221198156682028,0.06451612903225806
456,237,0.11983223487118035,0.0329538645895746,4.0,-1.1263789062500005,-12.168304687500017,3.0,-0.7641328125000004,-12.450468750000017,0.12903225806451613,0.06451612903225806
457,518,0.035350509286998205,0.0329538645895746,3.0,-0.5336250000000005,-12.498171875000017,3.0,-0.7641328125000004,-12.450468750000017,0.06451612903225806,0.06451612903225806
458,1130,0.11084481725584182,0.0329538645895746,4.0,-0.9555156250000005,-12.133265625000016,3.0,-0.7641328125000004,-12.450468750000017,0.11981566820276497,0.06451612903225806
459,731,0.03714799281006591,0.0329538645895746,3.0,-0.27308593750000054,-12.506781250000016,3.0,-0.7641328125000004,-12.450468750000017,0.06912442396313365,0.06451612903225806
460,491,0.14559616536848413,0.0329538645895746,2.0,0.2253437499999994,-12.647187500000015,3.0,-0.7641328125000004,-12.450468750000017,0.14055299539170507,0.06451612903225806
461,207,0.03834631515877771,0.0329538645895746,3.0,-0.2954023437500005,-12.342820312500015,3.0,-0.7641328125000004,-12.450468750000017,0.07142857142857142,0.06451612903225806
462,1364,0.11443978430197724,0.0329538645895746,4.0,-0.9828007812500005,-12.080195312500015,3.0,-0.7641328125000004,-12.450468750000017,0.12211981566820276,0.06451612903225806
463,40,0.035350509286998205,0.0329538645895746,3.0,-0.4937187500000005,-12.380140625000015,3.0,-0.7641328125000004,-12.450468750000017,0.06451612903225806,0.06451612903225806
464,740,0.12043139604553625,0.0329538645895746,2.0,-0.021105468750000467,-12.619820312500016,3.0,-0.7641328125000004,-12.450468750000017,0.12442396313364056,0.06451612903225806
465,1333,0.03714799281006591,0.0329538645895746,3.0,-0.39002343750000046,-12.400375000000016,3.0,-0.7641328125000004,-12.450468750000017,0.06912442396313365,0.06451612903225806
466,838,0.15158777711204313,0.0329538645895746,2.0,0.2912148437499995,-12.657554687500017,3.0,-0.7641328125000004,-12.450468750000017,0.14746543778801843,0.06451612903225806
467,1202,0.035949670461354104,0.0329538645895746,3.0,-0.4792460937500005,-12.511867187500018,3.0,-0.7641328125000004,-12.450468750000017,0.06451612903225806,0.06451612903225806
468,1422,0.15458358298382266,0.0329538645895746,2.0,0.2786367187499995,-12.776773437500017,3.0,-0.7641328125000004,-12.450468750000017,0.1497695852534562,0.06451612903225806
469,387,0.03654883163571001,0.0329538645895746,3.0,-0.48793750000000047,-12.632796875000016,3.0,-0.7641328125000004,-12.450468750000017,0.06912442396313365,0.06451612903225806
470,169,0.15578190533253444,0.0329538645895746,2.0,0.28405859374999964,-12.840273437500016,3.0,-0.7641328125000004,-12.450468750000017,0.1497695852534562,0.06451612903225806
471,111,0.03654883163571001,0.0329538645895746,3.0,-0.49096484375000027,-12.672054687500017,3.0,-0.7641328125000004,-12.450468750000017,0.06912442396313365,0.06451612903225806
472,1106,0.15578190533253444,0.0329538645895746,2.0,0.27322656249999977,-12.884187500000017,3.0,-0.7641328125000004,-12.450468750000017,0.1497695852534562,0.06451612903225806
473,430,0.03714799281006591,0.0329538645895746,3.0,-0.2932226562500002,-12.645757812500017,3.0,-0.7641328125000004,-12.450468750000017,0.06912442396313365,0.06451612903225806
474,405,0.09886159376872379,0.0329538645895746,4.0,-0.8481054687500003,-12.377117187500017,3.0,-0.7641328125000004,-12.450468750000017,0.11059907834101383,0.06451612903225806
475,1209,0.0347513481126423,0.0329538645895746,3.0,-0.22159375000000026,-12.671078125000017,3.0,-0.7641328125000004,-12.450468750000017,0.07142857142857142,0.06451612903225806
476,1457,0.09886159376872379,0.0329538645895746,4.0,-0.8566132812500002,-12.380445312500017,3.0,-0.7641328125000004,-12.450468750000017,0.11059907834101383,0.06451612903225806
477,1593,0.03714799281006591,0.0329538645895746,3.0,-0.12338671875000029,-12.678226562500017,3.0,-0.7641328125000004,-12.450468750000017,0.07142857142857142,0.06451612903225806
478,793,0.2079089275014979,0.0329538645895746,2.0,0.6325859374999997,-12.918828125000017,3.0,-0.7641328125000004,-12.450468750000017,0.21658986175115208,0.06451612903225806
479,823,0.03834631515877771,0.0329538645895746,3.0,0.026652343749999807,-12.743664062500017,3.0,-0.7641328125000004,-12.450468750000017,0.07373271889400922,0.06451612903225806
480,1663,0.08867585380467345,0.0329538645895746,4.0,-0.5991093750000002,-12.375437500000016,3.0,-0.7641328125000004,-12.450468750000017,0.0967741935483871,0.06451612903225806
481,937,0.03834631515877771,0.0329538645895746,3.0,0.02589843749999987,-12.706625000000017,3.0,-0.7641328125000004,-12.450468750000017,0.07373271889400922,0.06451612903225806
482,351,0.09107249850209706,0.0329538645895746,4.0,-0.6813203125000001,-12.345593750000017,3.0,-0.7641328125000004,-12.450468750000017,0.10368663594470046,0.06451612903225806
483,614,0.03654883163571001,0.0329538645895746,3.0,-0.0510351562500001,-12.654335937500017,3.0,-0.7641328125000004,-12.450468750000017,0.07142857142857142,0.06451612903225806
484,1589,0.09167165967645297,0.0329538645895746,4.0,-0.6771367187500001,-12.378023437500017,3.0,-0.7641328125000004,-12.450468750000017,0.10138248847926268,0.06451612903225806
485,85,0.035350509286998205,0.0329538645895746,3.0,-0.2585781250000002,-12.708750000000018,3.0,-0.7641328125000004,-12.450468750000017,0.07142857142857142,0.06451612903225806
486,1457,0.09946075494307968,0.0329538645895746,4.0,-0.8935976562500002,-12.418117187500018,3.0,-0.7641328125000004,-12.450468750000017,0.11059907834101383,0.06451612903225806
487,1114,0.03654883163571001,0.0329538645895746,3.0,-0.2369726562500002,-12.583523437500018,3.0,-0.7641328125000004,-12.450468750000017,0.06912442396313365,0.06451612903225806
488,806,0.16896345116836428,0.0329538645895746,2.0,0.37808593749999975,-12.831562500000018,3.0,-0.7641328125000004,-12.450468750000017,0.1543778801843318,0.06451612903225806
489,1396,0.03714799281006591,0.0329538645895746,3.0,-0.3075820312500003,-12.612101562500019,3.0,-0.7641328125000004,-12.450468750000017,0.06912442396313365,0.06451612903225806
490,1465,0.11084481725584182,0.0329538645895746,4.0,-1.0992539062500004,-12.336726562500019,3.0,-0.7641328125000004,-12.450468750000017,0.11981566820276497,0.06451612903225806
491,848,0.03894547633313361,0.0329538645895746,3.0,-0.37274218750000054,-12.62245312500002,3.0,-0.7641328125000004,-12.450468750000017,0.06912442396313365,0.06451612903225806
492,1114,0.15518274415817854,0.0329538645895746,2.0,0.28388281249999947,-12.78785937500002,3.0,-0.7641328125000004,-12.450468750000017,0.1497695852534562,0.06451612903225806
493,1335,0.03834631515877771,0.0329538645895746,3.0,-0.38762890625000046,-12.61735156250002,3.0,-0.7641328125000004,-12.450468750000017,0.07142857142857142,0.06451612903225806
494,1158,0.11144397843019772,0.0329538645895746,4.0,-1.0947773437500006,-12.316898437500019,3.0,-0.7641328125000004,-12.450468750000017,0.11981566820276497,0.06451612903225806
495,883,0.03654883163571001,0.0329538645895746,3.0,-0.4953789062500006,-12.606804687500018,3.0,-0.7641328125000004,-12.450468750000017,0.06912442396313365,0.06451612903225806
496,1559,0.15338526063511085,0.0329538645895746,2.0,0.2645156249999995,-12.832687500000018,3.0,-0.7641328125000004,-12.450468750000017,0.1497695852534562,0.06451612903225806
497,1461,0.03714799281006591,0.0329538645895746,3.0,-0.4300507812500005,-12.642742187500017,3.0,-0.7641328125000004,-12.450468750000017,0.07142857142857142,0.06451612903225806
498,122,0.10665068903535051,0.0329538645895746,4.0,-1.0367460937500006,-12.350726562500018,3.0,-0.7641328125000004,-12.450468750000017,0.1175115207373272,0.06451612903225806
499,964,0.035949670461354104,0.0329538645895746,3.0,-0.5305546875000006,-12.715546875000019,3.0,-0.7641328125000004,-12.450468750000017,0.06912442396313365,0.06451612903225806
500,1465,0.12043139604553625,0.0329538645895746,4.0,-1.3222265625000005,-12.440171875000019,3.0,-0.7641328125000004,-12.450468750000017,0.12903225806451613,0.06451612903225806
501,96,0.033553025763930495,0.0329538645895746,3.0,-0.8170664062500005,-12.802726562500018,3.0,-0.7641328125000004,-12.450468750000017,0.06682027649769585,0.06451612903225806
502,549,0.1288196524865189,0.0329538645895746,4.0,-1.4522382812500005,-12.443726562500018,3.0,-0.7641328125000004,-12.450468750000017,0.1313364055299539,0.06451612903225806
503,883,0.0329538645895746,0.0329538645895746,3.0,-0.8528398437500005,-12.733632812500018,3.0,-0.7641328125000004,-12.450468750000017,0.06451612903225806,0.06451612903225806
504,491,0.09227082085080887,0.0329538645895746,2.0,-0.3544101562500006,-12.874039062500017,3.0,-0.7641328125000004,-12.450468750000017,0.10829493087557604,0.06451612903225806
505,1289,0.040143798681845415,0.0329538645895746,3.0,-1.2058125000000006,-12.682437500000017,3.0,-0.7641328125000004,-12.450468750000017,0.07142857142857142,0.06451612903225806
506,1663,0.15398442180946675,0.0329538645895746,4.0,-1.8315742187500006,-12.314210937500016,3.0,-0.7641328125000004,-12.450468750000017,0.16129032258064516,0.06451612903225806
507,712,0.04793289394847214,0.0329538645895746,3.0,-1.3813203125000006,-12.688765625000016,3.0,-0.7641328125000004,-12.450468750000017,0.07603686635944701,0.06451612903225806
508,1209,0.0677052127022169,0.0329538645895746,2.0,-0.7548085937500006,-12.982726562500016,3.0,-0.7641328125000004,-12.450468750000017,0.0944700460829493,0.06451612903225806
509,207,0.044337926902336726,0.0329538645895746,3.0,-1.2755546875000006,-12.678359375000015,3.0,-0.7641328125000004,-12.450468750000017,0.07142857142857142,0.06451612903225806
510,806,0.07549430796884361,0.0329538645895746,2.0,-0.6604960937500006,-12.926398437500016,3.0,-0.7641328125000004,-12.450468750000017,0.0967741935483871,0.06451612903225806
511,6,0.050928699820251645,0.0329538645895746,3.0,-1.3764101562500006,-12.578929687500015,3.0,-0.7641328125000004,-12.450468750000017,0.06912442396313365,0.06451612903225806
512,778,0.0677052127022169,0.0329538645895746,2.0,-0.7178242187500006,-12.860835937500015,3.0,-0.7641328125000004,-12.450468750000017,0.0944700460829493,0.06451612903225806
513,25,0.04793289394847214,0.0329538645895746,3.0,-1.3510546875000005,-12.622109375000015,3.0,-0.7641328125000004,-12.450468750000017,0.07603686635944701,0.06451612903225806
514,1451,0.07789095266626722,0.0329538645895746,2.0,-0.6117890625000004,-12.921953125000016,3.0,-0.7641328125000004,-12.450468750000017,0.0967741935483871,0.06451612903225806
515,1614,0.04254044337926902,0.0329538645895746,3.0,-1.2651171875000005,-12.730546875000016,3.0,-0.7641328125000004,-12.450468750000017,0.07142857142857142,0.06451612903225806
516,222,0.15038945476333135,0.0329538645895746,4.0,-1.8049218750000005,-12.429093750000016,3.0,-0.7641328125000004,-12.450468750000017,0.1497695852534562,0.06451612903225806
517,1305,0.05032953864589575,0.0329538645895746,3.0,-1.4437890625000005,-12.731531250000016,3.0,-0.7641328125000004,-12.450468750000017,0.07142857142857142,0.06451612903225806
518,1143,0.05991611743559017,0.0329538645895746,2.0,-0.9067773437500004,-13.011773437500016,3.0,-0.7641328125000004,-12.450468750000017,0.08755760368663594,0.06451612903225806
519,446,0.05212702216896345,0.0329538645895746,3.0,-1.5175390625000005,-12.780234375000017,3.0,-0.7641328125000004,-12.450468750000017,0.06682027649769585,0.06451612903225806
520,1256,0.06470940683043738,0.0329538645895746,2.0,-0.8427929687500004,-13.092273437500017,3.0,-0.7641328125000004,-12.450468750000017,0.0944700460829493,0.06451612903225806
521,1589,0.04913121629718394,0.0329538645895746,3.0,-1.4688945312500006,-12.815960937500018,3.0,-0.7641328125000004,-12.450468750000017,0.07373271889400922,0.06451612903225806
522,1342,0.0695026962252846,0.0329538645895746,2.0,-0.7799531250000006,-13.110093750000019,3.0,-0.7641328125000004,-12.450468750000017,0.0944700460829493,0.06451612903225806
523,1174,0.04733373277411624,0.0329538645895746,3.0,-1.4591210937500008,-12.902398437500018,3.0,-0.7641328125000004,-12.450468750000017,0.07603686635944701,0.06451612903225806
524,641,0.07489514679448772,0.0329538645895746,2.0,-0.7303281250000008,-13.195968750000018,3.0,-0.7641328125000004,-12.450468750000017,0.0967741935483871,0.06451612903225806
525,996,0.04733373277411624,0.0329538645895746,3.0,-1.4875273437500007,-12.995585937500017,3.0,-0.7641328125000004,-12.450468750000017,0.07373271889400922,0.06451612903225806
526,1257,0.07189934092270821,0.0329538645895746,2.0,-0.8028085937500007,-13.301585937500018,3.0,-0.7641328125000004,-12.450468750000017,0.0944700460829493,0.06451612903225806
527,1241,0.04493708807669263,0.0329538645895746,3.0,-1.4758984375000006,-13.025796875000019,3.0,-0.7641328125000004,-12.450468750000017,0.07373271889400922,0.06451612903225806
528,490,0.15218693828639904,0.0329538645895746,4.0,-2.0779570312500004,-12.694132812500019,3.0,-0.7641328125000004,-12.450468750000017,0.15898617511520738,0.06451612903225806
529,741,0.04373876572798083,0.0329538645895746,3.0,-1.4614882812500005,-13.08900781250002,3.0,-0.7641328125000004,-12.450468750000017,0.07142857142857142,0.06451612903225806
530,670,0.0659077291791492,0.0329538645895746,2.0,-0.9245703125000004,-13.36557812500002,3.0,-0.7641328125000004,-12.450468750000017,0.09216589861751152,0.06451612903225806
531,1171,0.044337926902336726,0.0329538645895746,3.0,-1.4772304687500004,-13.09852343750002,3.0,-0.7641328125000004,-12.450468750000017,0.07142857142857142,0.06451612903225806
532,730,0.06051527860994608,0.0329538645895746,2.0,-0.9566562500000004,-13.30621875000002,3.0,-0.7641328125000004,-12.450468750000017,0.09216589861751152,0.06451612903225806
533,549,0.05212702216896345,0.0329538645895746,3.0,-1.5918281250000006,-12.94721875000002,3.0,-0.7641328125000004,-12.450468750000017,0.06682027649769585,0.06451612903225806
534,850,0.06051527860994608,0.0329538645895746,2.0,-0.9418164062500006,-13.25017968750002,3.0,-0.7641328125000004,-12.450468750000017,0.09216589861751152,0.06451612903225806
535,818,0.04254044337926902,0.0329538645895746,3.0,-1.4210976562500006,-13.06375781250002,3.0,-0.7641328125000004,-12.450468750000017,0.07142857142857142,0.06451612903225806
536,232,0.07968843618933494,0.0329538645895746,2.0,-0.6890039062500006,-13.37267968750002,3.0,-0.7641328125000004,-12.450468750000017,0.09907834101382489,0.06451612903225806
537,1548,0.0341521869382864,0.0329538645895746,3.0,-1.1334921875000008,-13.19184375000002,3.0,-0.7641328125000004,-12.450468750000017,0.06682027649769585,0.06451612903225806
538,691,0.13061713600958658,0.0329538645895746,4.0,-1.764140625000001,-12.82196875000002,3.0,-0.7641328125000004,-12.450468750000017,0.1336405529953917,0.06451612903225806
539,260,0.033553025763930495,0.0329538645895746,3.0,-1.1354804687500009,-13.16655468750002,3.0,-0.7641328125000004,-12.450468750000017,0.06451612903225806,0.06451612903225806
540,6,0.1384062312762133,0.0329538645895746,4.0,-1.8513945312500009,-12.81908593750002,3.0,-0.7641328125000004,-12.450468750000017,0.1382488479262673,0.06451612903225806
541,793,0.033553025763930495,0.0329538645895746,3.0,-1.0954218750000009,-13.05968750000002,3.0,-0.7641328125000004,-12.450468750000017,0.06451612903225806,0.06451612903225806
542,1158,0.1372079089275015,0.0329538645895746,4.0,-1.8025703125000008,-12.75923437500002,3.0,-0.7641328125000004,-12.450468750000017,0.1382488479262673,0.06451612903225806
543,584,0.0347513481126423,0.0329538645895746,3.0,-1.1865546875000008,-13.14376562500002,3.0,-0.7641328125000004,-12.450468750000017,0.06451612903225806,0.06451612903225806
544,1485,0.1384062312762133,0.0329538645895746,4.0,-1.7856171875000009,-12.72600000000002,3.0,-0.7641328125000004,-12.450468750000017,0.1382488479262673,0.06451612903225806
545,340,0.035949670461354104,0.0329538645895746,3.0,-1.1960273437500009,-13.039742187500021,3.0,-0.7641328125000004,-12.450468750000017,0.06682027649769585,0.06451612903225806
546,237,0.1348112642300779,0.0329538645895746,4.0,-1.7007421875000008,-12.683828125000021,3.0,-0.7641328125000004,-12.450468750000017,0.1336405529953917,0.06451612903225806
547,727,0.035949670461354104,0.0329538645895746,3.0,-1.2005976562500007,-13.03202343750002,3.0,-0.7641328125000004,-12.450468750000017,0.06682027649769585,0.06451612903225806
548,1119,0.08328340323547034,0.0329538645895746,2.0,-0.5778671875000007,-13.30178125000002,3.0,-0.7641328125000004,-12.450468750000017,0.10368663594470046,0.06451612903225806
549,467,0.03894547633313361,0.0329538645895746,3.0,-1.3588046875000006,-13.09267187500002,3.0,-0.7641328125000004,-12.450468750000017,0.07142857142857142,0.06451612903225806
550,1422,0.08328340323547034,0.0329538645895746,2.0,-0.6009218750000006,-13.35757812500002,3.0,-0.7641328125000004,-12.450468750000017,0.10368663594470046,0.06451612903225806
551,26,0.035350509286998205,0.0329538645895746,3.0,-1.2238242187500008,-13.15827343750002,3.0,-0.7641328125000004,-12.450468750000017,0.06451612903225806,0.06451612903225806
552,1613,0.07908927501497903,0.0329538645895746,2.0,-0.7281992187500008,-13.40455468750002,3.0,-0.7641328125000004,-12.450468750000017,0.09907834101382489,0.06451612903225806
553,117,0.039544637507489516,0.0329538645895746,3.0,-1.3841953125000008,-13.126890625000021,3.0,-0.7641328125000004,-12.450468750000017,0.07142857142857142,0.06451612903225806
554,1435,0.1360095865787897,0.0329538645895746,4.0,-1.8435937500000008,-12.84123437500002,3.0,-0.7641328125000004,-12.450468750000017,0.1359447004608295,0.06451612903225806
555,8,0.035350509286998205,0.0329538645895746,3.0,-1.2621953125000007,-13.21745312500002,3.0,-0.7641328125000004,-12.450468750000017,0.06451612903225806,0.06451612903225806
556,722,0.1360095865787897,0.0329538645895746,4.0,-1.8951914062500008,-12.89888281250002,3.0,-0.7641328125000004,-12.450468750000017,0.1359447004608295,0.06451612903225806
557,598,0.035350509286998205,0.0329538645895746,3.0,-1.259445312500001,-13.19748437500002,3.0,-0.7641328125000004,-12.450468750000017,0.06451612903225806,0.06451612903225806
558,1613,0.07729179149191133,0.0329538645895746,2.0,-0.7638203125000009,-13.443765625000019,3.0,-0.7641328125000004,-12.450468750000017,0.0967741935483871,0.06451612903225806
559,1174,0.039544637507489516,0.0329538645895746,3.0,-1.442988281250001,-13.236070312500019,3.0,-0.7641328125000004,-12.450468750000017,0.07142857142857142,0.06451612903225806
560,1613,0.0659077291791492,0.0329538645895746,2.0,-0.947363281250001,-13.482351562500018,3.0,-0.7641328125000004,-12.450468750000017,0.0944700460829493,0.06451612903225806
561,557,0.04913121629718394,0.0329538645895746,3.0,-1.664117187500001,-13.245687500000018,3.0,-0.7641328125000004,-12.450468750000017,0.07373271889400922,0.06451612903225806
562,840,0.0683043738765728,0.0329538645895746,2.0,-0.9315078125000009,-13.54493750000002,3.0,-0.7641328125000004,-12.450468750000017,0.0944700460829493,0.06451612903225806
563,724,0.04134212103055722,0.0329538645895746,3.0,-1.516269531250001,-13.33164843750002,3.0,-0.7641328125000004,-12.450468750000017,0.07142857142857142,0.06451612903225806
564,1160,0.07908927501497903,0.0329538645895746,2.0,-0.790578125000001,-13.63785937500002,3.0,-0.7641328125000004,-12.450468750000017,0.09907834101382489,0.06451612903225806
565,799,0.04074295985620132,0.0329538645895746,3.0,-1.531468750000001,-13.39678125000002,3.0,-0.7641328125000004,-12.450468750000017,0.06912442396313365,0.06451612903225806
566,1559,0.07908927501497903,0.0329538645895746,2.0,-0.771574218750001,-13.62266406250002,3.0,-0.7641328125000004,-12.450468750000017,0.09907834101382489,0.06451612903225806
567,367,0.03834631515877771,0.0329538645895746,3.0,-1.435496093750001,-13.39502343750002,3.0,-0.7641328125000004,-12.450468750000017,0.06682027649769585,0.06451612903225806
568,806,0.07729179149191133,0.0329538645895746,2.0,-0.820437500000001,-13.64306250000002,3.0,-0.7641328125000004,-12.450468750000017,0.0967741935483871,0.06451612903225806
569,421,0.044337926902336726,0.0329538645895746,3.0,-1.607152343750001,-13.382070312500021,3.0,-0.7641328125000004,-12.450468750000017,0.07142857142857142,0.06451612903225806
570,1435,0.1390053924505692,0.0329538645895746,4.0,-2.066550781250001,-13.09641406250002,3.0,-0.7641328125000004,-12.450468750000017,0.1382488479262673,0.06451612903225806
571,225,0.04074295985620132,0.0329538645895746,3.0,-1.562867187500001,-13.472437500000021,3.0,-0.7641328125000004,-12.450468750000017,0.06912442396313365,0.06451612903225806
572,1130,0.1324146195326543,0.0329538645895746,4.0,-1.9847578125000012,-13.10753125000002,3.0,-0.7641328125000004,-12.450468750000017,0.1336405529953917,0.06451612903225806
573,1502,0.0341521869382864,0.0329538645895746,3.0,-1.3146015625000012,-13.42640625000002,3.0,-0.7641328125000004,-12.450468750000017,0.06451612903225806,0.06451612903225806
574,511,0.08747753145596165,0.0329538645895746,2.0,-0.611031250000001,-13.69646875000002,3.0,-0.7641328125000004,-12.450468750000017,0.10599078341013825,0.06451612903225806
575,462,0.033553025763930495,0.0329538645895746,3.0,-1.240382812500001,-13.41485937500002,3.0,-0.7641328125000004,-12.450468750000017,0.06451612903225806,0.06451612903225806
576,1375,0.1024565608148592,0.0329538645895746,2.0,-0.47546484375000087,-13.66321093750002,3.0,-0.7641328125000004,-12.450468750000017,0.11059907834101383,0.06451612903225806
577,1055,0.0347513481126423,0.0329538645895746,3.0,-1.0028593750000008,-13.49065625000002,3.0,-0.7641328125000004,-12.450468750000017,0.06221198156682028,0.06451612903225806
578,948,0.11204313960455363,0.0329538645895746,4.0,-1.6346914062500009,-13.17719531250002,3.0,-0.7641328125000004,-12.450468750000017,0.11981566820276497,0.06451612903225806
579,1477,0.0329538645895746,0.0329538645895746,3.0,-1.198617187500001,-13.48037500000002,3.0,-0.7641328125000004,-12.450468750000017,0.06451612903225806,0.06451612903225806
580,169,0.1060515278609946,0.0329538645895746,2.0,-0.4266210937500008,-13.68785156250002,3.0,-0.7641328125000004,-12.450468750000017,0.11059907834101383,0.06451612903225806
581,462,0.0341521869382864,0.0329538645895746,3.0,-1.0559726562500007,-13.40624218750002,3.0,-0.7641328125000004,-12.450468750000017,0.06451612903225806,0.06451612903225806
582,549,0.11923307369682444,0.0329538645895746,4.0,-1.6911445312500009,-13.04724218750002,3.0,-0.7641328125000004,-12.450468750000017,0.12442396313364056,0.06451612903225806
583,1510,0.035350509286998205,0.0329538645895746,3.0,-0.8891445312500009,-13.28846093750002,3.0,-0.7641328125000004,-12.450468750000017,0.06451612903225806,0.06451612903225806
584,117,0.11264230077890952,0.0329538645895746,4.0,-1.545140625000001,-13.01079687500002,3.0,-0.7641328125000004,-12.450468750000017,0.11981566820276497,0.06451612903225806
585,850,0.035350509286998205,0.0329538645895746,3.0,-0.8951289062500011,-13.31375781250002,3.0,-0.7641328125000004,-12.450468750000017,0.06451612903225806,0.06451612903225806
586,793,0.1288196524865189,0.0329538645895746,2.0,-0.1391562500000011,-13.55435937500002,3.0,-0.7641328125000004,-12.450468750000017,0.12903225806451613,0.06451612903225806
587,25,0.035949670461354104,0.0329538645895746,3.0,-0.7723867187500011,-13.31563281250002,3.0,-0.7641328125000004,-12.450468750000017,0.06682027649769585,0.06451612903225806
588,730,0.11863391252246855,0.0329538645895746,2.0,-0.2518125000000011,-13.52332812500002,3.0,-0.7641328125000004,-12.450468750000017,0.11981566820276497,0.06451612903225806
589,1171,0.0347513481126423,0.0329538645895746,3.0,-0.8044726562500011,-13.25627343750002,3.0,-0.7641328125000004,-12.450468750000017,0.06682027649769585,0.06451612903225806
590,722,0.11024565608148593,0.0329538645895746,4.0,-1.4374687500000012,-12.93770312500002,3.0,-0.7641328125000004,-12.450468750000017,0.11981566820276497,0.06451612903225806
591,656,0.035350509286998205,0.0329538645895746,3.0,-0.8819335937500012,-13.27074218750002,3.0,-0.7641328125000004,-12.450468750000017,0.06451612903225806,0.06451612903225806
592,948,0.11264230077890952,0.0329538645895746,4.0,-1.5137656250000013,-12.957281250000019,3.0,-0.7641328125000004,-12.450468750000017,0.11981566820276497,0.06451612903225806
593,1613,0.0329538645895746,0.0329538645895746,3.0,-1.0181406250000014,-13.203562500000018,3.0,-0.7641328125000004,-12.450468750000017,0.06451612903225806,0.06451612903225806
594,207,0.11503894547633313,0.0329538645895746,4.0,-1.5388867187500013,-12.899195312500018,3.0,-0.7641328125000004,-12.450468750000017,0.12211981566820276,0.06451612903225806
595,588,0.035350509286998205,0.0329538645895746,3.0,-0.8459140625000012,-13.282812500000018,3.0,-0.7641328125000004,-12.450468750000017,0.06682027649769585,0.06451612903225806
596,1599,0.1318154583582984,0.0329538645895746,2.0,-0.09435546875000123,-13.556226562500019,3.0,-0.7641328125000004,-12.450468750000017,0.12903225806451613,0.06451612903225806
597,473,0.035949670461354104,0.0329538645895746,3.0,-0.7005625000000013,-13.26871875000002,3.0,-0.7641328125000004,-12.450468750000017,0.07142857142857142,0.06451612903225806
598,1241,0.1030557219892151,0.0329538645895746,4.0,-1.3736523437500012,-12.99292968750002,3.0,-0.7641328125000004,-12.450468750000017,0.1152073732718894,0.06451612903225806
599,733,0.03654883163571001,0.0329538645895746,3.0,-0.7639101562500012,-13.30241406250002,3.0,-0.7641328125000004,-12.450468750000017,0.06682027649769585,0.06451612903225806
600,1457,0.1042540443379269,0.0329538645895746,4.0,-1.3989296875000012,-13.01178125000002,3.0,-0.7641328125000004,-12.450468750000017,0.1152073732718894,0.06451612903225806
601,1002,0.03714799281006591,0.0329538645895746,3.0,-0.6883984375000012,-13.26968750000002,3.0,-0.7641328125000004,-12.450468750000017,0.07142857142857142,0.06451612903225806
602,1559,0.14799281006590773,0.0329538645895746,2.0,0.07149609374999888,-13.49557031250002,3.0,-0.7641328125000004,-12.450468750000017,0.14746543778801843,0.06451612903225806
603,1055,0.0347513481126423,0.0329538645895746,3.0,-0.45589843750000114,-13.32301562500002,3.0,-0.7641328125000004,-12.450468750000017,0.06912442396313365,0.06451612903225806
604,1106,0.17615338526063512,0.0329538645895746,2.0,0.3082929687499989,-13.53514843750002,3.0,-0.7641328125000004,-12.450468750000017,0.17511520737327188,0.06451612903225806
605,777,0.035350509286998205,0.0329538645895746,3.0,-0.4394921875000011,-13.33292187500002,3.0,-0.7641328125000004,-12.450468750000017,0.06912442396313365,0.06451612903225806
606,91,0.15997603355302575,0.0329538645895746,2.0,0.17299999999999893,-13.57014062500002,3.0,-0.7641328125000004,-12.450468750000017,0.1497695852534562,0.06451612903225806
607,236,0.0347513481126423,0.0329538645895746,3.0,-0.40041796875000113,-13.35171093750002,3.0,-0.7641328125000004,-12.450468750000017,0.06682027649769585,0.06451612903225806
608,1339,0.09406830437387657,0.0329538645895746,4.0,-1.1927421875000013,-13.088218750000019,3.0,-0.7641328125000004,-12.450468750000017,0.10368663594470046,0.06451612903225806
609,1111,0.03654883163571001,0.0329538645895746,3.0,-0.5674765625000013,-13.416140625000018,3.0,-0.7641328125000004,-12.450468750000017,0.06682027649769585,0.06451612903225806
610,948,0.09346914319952067,0.0329538645895746,4.0,-1.1993085937500014,-13.102679687500018,3.0,-0.7641328125000004,-12.450468750000017,0.10368663594470046,0.06451612903225806
611,229,0.03654883163571001,0.0329538645895746,3.0,-0.5958398437500014,-13.398195312500018,3.0,-0.7641328125000004,-12.450468750000017,0.06682027649769585,0.06451612903225806
612,1465,0.09886159376872379,0.0329538645895746,4.0,-1.3875117187500015,-13.122820312500018,3.0,-0.7641328125000004,-12.450468750000017,0.1152073732718894,0.06451612903225806
613,1342,0.03714799281006591,0.0329538645895746,3.0,-0.6985703125000015,-13.416953125000017,3.0,-0.7641328125000004,-12.450468750000017,0.06912442396313365,0.06451612903225806
614,838,0.1420011983223487,0.0329538645895746,2.0,-0.01733203125000149,-13.674132812500018,3.0,-0.7641328125000004,-12.450468750000017,0.14285714285714285,0.06451612903225806
615,436,0.03654883163571001,0.0329538645895746,3.0,-0.6122109375000014,-13.449718750000018,3.0,-0.7641328125000004,-12.450468750000017,0.06682027649769585,0.06451612903225806
616,1457,0.09466746554823248,0.0329538645895746,4.0,-1.2472304687500015,-13.159085937500018,3.0,-0.7641328125000004,-12.450468750000017,0.10368663594470046,0.06451612903225806
617,947,0.035949670461354104,0.0329538645895746,3.0,-0.5334960937500015,-13.409898437500019,3.0,-0.7641328125000004,-12.450468750000017,0.06682027649769585,0.06451612903225806
618,1663,0.09346914319952067,0.0329538645895746,4.0,-1.1592578125000015,-13.041671875000018,3.0,-0.7641328125000004,-12.450468750000017,0.10368663594470046,0.06451612903225806
619,625,0.03714799281006591,0.0329538645895746,3.0,-0.5658789062500015,-13.319945312500018,3.0,-0.7641328125000004,-12.450468750000017,0.06682027649769585,0.06451612903225806
620,530,0.09586578789694428,0.0329538645895746,4.0,-1.1253789062500017,-12.883195312500018,3.0,-0.7641328125000004,-12.450468750000017,0.11059907834101383,0.06451612903225806
621,1380,0.0347513481126423,0.0329538645895746,3.0,-0.40233984375000165,-13.136554687500018,3.0,-0.7641328125000004,-12.450468750000017,0.06912442396313365,0.06451612903225806
622,237,0.08987417615338526,0.0329538645895746,4.0,-0.9070546875000016,-12.780640625000018,3.0,-0.7641328125000004,-12.450468750000017,0.10138248847926268,0.06451612903225806
623,719,0.03714799281006591,0.0329538645895746,3.0,-0.16816796875000162,-13.131742187500018,3.0,-0.7641328125000004,-12.450468750000017,0.06682027649769585,0.06451612903225806
624,549,0.08687837028160575,0.0329538645895746,4.0,-0.8033398437500017,-12.772742187500018,3.0,-0.7641328125000004,-12.450468750000017,0.09216589861751152,0.06451612903225806
625,1192,0.037747153984421807,0.0329538645895746,3.0,-0.1540507812500017,-13.064789062500019,3.0,-0.7641328125000004,-12.450468750000017,0.06912442396313365,0.06451612903225806
626,1364,0.08747753145596165,0.0329538645895746,4.0,-0.8414492187500017,-12.802164062500019,3.0,-0.7641328125000004,-12.450468750000017,0.0944700460829493,0.06451612903225806
627,1375,0.03894547633313361,0.0329538645895746,3.0,-0.0765312500000016,-13.050515625000019,3.0,-0.7641328125000004,-12.450468750000017,0.06912442396313365,0.06451612903225806
628,606,0.08568004793289395,0.0329538645895746,4.0,-0.8166640625000016,-12.80581250000002,3.0,-0.7641328125000004,-12.450468750000017,0.09216589861751152,0.06451612903225806
629,1106,0.03894547633313361,0.0329538645895746,3.0,-0.052472656250001526,-13.01794531250002,3.0,-0.7641328125000004,-12.450468750000017,0.06912442396313365,0.06451612903225806
630,948,0.08328340323547034,0.0329538645895746,4.0,-0.6843046875000015,-12.70448437500002,3.0,-0.7641328125000004,-12.450468750000017,0.08294930875576037,0.06451612903225806
631,1305,0.0347513481126423,0.0329538645895746,3.0,-0.3231718750000015,-13.00692187500002,3.0,-0.7641328125000004,-12.450468750000017,0.07142857142857142,0.06451612903225806
632,207,0.08987417615338526,0.0329538645895746,4.0,-0.8439179687500014,-12.702554687500019,3.0,-0.7641328125000004,-12.450468750000017,0.09907834101382489,0.06451612903225806
633,691,0.22947872977831035,0.0329538645895746,5.0,-1.4745664062500015,-12.332679687500018,3.0,-0.7641328125000004,-12.450468750000017,0.25806451612903225,0.06451612903225806
634,1160,0.08807669263031756,0.0329538645895746,4.0,-0.7488750000000015,-12.638890625000018,3.0,-0.7641328125000004,-12.450468750000017,0.0967741935483871,0.06451612903225806
635,417,0.03654883163571001,0.0329538645895746,3.0,-0.16799218750000144,-12.938343750000017,3.0,-0.7641328125000004,-12.450468750000017,0.06912442396313365,0.06451612903225806
636,466,0.09466746554823248,0.0329538645895746,4.0,-0.9548671875000014,-12.647093750000018,3.0,-0.7641328125000004,-12.450468750000017,0.10829493087557604,0.06451612903225806
637,1622,0.0347513481126423,0.0329538645895746,3.0,-0.3571796875000015,-12.985218750000017,3.0,-0.7641328125000004,-12.450468750000017,0.06912442396313365,0.06451612903225806
638,379,0.09766327142001198,0.0329538645895746,4.0,-1.0487617187500016,-12.714867187500017,3.0,-0.7641328125000004,-12.450468750000017,0.11059907834101383,0.06451612903225806
639,1663,0.2414619532654284,0.0329538645895746,5.0,-1.6745234375000015,-12.346640625000017,3.0,-0.7641328125000004,-12.450468750000017,0.2695852534562212,0.06451612903225806
640,1440,0.10964649490713002,0.0329538645895746,4.0,-1.2527382812500014,-12.625179687500017,3.0,-0.7641328125000004,-12.450468750000017,0.11981566820276497,0.06451612903225806
641,260,0.035949670461354104,0.0329538645895746,3.0,-0.6240781250000014,-12.969765625000017,3.0,-0.7641328125000004,-12.450468750000017,0.06912442396313365,0.06451612903225806
642,948,0.10964649490713002,0.0329538645895746,4.0,-1.2559101562500015,-12.656304687500016,3.0,-0.7641328125000004,-12.450468750000017,0.11981566820276497,0.06451612903225806
643,681,0.035350509286998205,0.0329538645895746,3.0,-0.7550507812500015,-13.011664062500017,3.0,-0.7641328125000004,-12.450468750000017,0.06451612903225806,0.06451612903225806
644,793,0.13361294188136608,0.0329538645895746,2.0,0.0009218749999985176,-13.252265625000017,3.0,-0.7641328125000004,-12.450468750000017,0.12903225806451613,0.06451612903225806
645,1026,0.03654883163571001,0.0329538645895746,3.0,-0.6259179687500015,-13.059242187500017,3.0,-0.7641328125000004,-12.450468750000017,0.07142857142857142,0.06451612903225806
646,1554,0.13121629718394248,0.0329538645895746,2.0,-0.04362109375000145,-13.248070312500017,3.0,-0.7641328125000004,-12.450468750000017,0.12903225806451613,0.06451612903225806
647,1552,0.0347513481126423,0.0329538645895746,3.0,-0.7307890625000014,-13.086343750000017,3.0,-0.7641328125000004,-12.450468750000017,0.06682027649769585,0.06451612903225806
648,117,0.11144397843019772,0.0329538645895746,4.0,-1.3867851562500015,-12.808679687500018,3.0,-0.7641328125000004,-12.450468750000017,0.11981566820276497,0.06451612903225806
649,325,0.035949670461354104,0.0329538645895746,3.0,-0.7261406250000015,-13.132265625000018,3.0,-0.7641328125000004,-12.450468750000017,0.06682027649769585,0.06451612903225806
650,1171,0.10185739964050329,0.0329538645895746,4.0,-1.2788007812500015,-12.865210937500018,3.0,-0.7641328125000004,-12.450468750000017,0.1152073732718894,0.06451612903225806
651,416,0.035949670461354104,0.0329538645895746,3.0,-0.6837421875000015,-13.139718750000018,3.0,-0.7641328125000004,-12.450468750000017,0.06912442396313365,0.06451612903225806
652,525,0.10964649490713002,0.0329538645895746,4.0,-1.3294609375000015,-12.781046875000017,3.0,-0.7641328125000004,-12.450468750000017,0.1175115207373272,0.06451612903225806
653,999,0.035949670461354104,0.0329538645895746,3.0,-0.6735742187500016,-13.126539062500017,3.0,-0.7641328125000004,-12.450468750000017,0.06912442396313365,0.06451612903225806
654,379,0.10964649490713002,0.0329538645895746,4.0,-1.3651562500000014,-12.856187500000017,3.0,-0.7641328125000004,-12.450468750000017,0.1175115207373272,0.06451612903225806
655,1639,0.035949670461354104,0.0329538645895746,3.0,-0.7092187500000013,-13.187937500000016,3.0,-0.7641328125000004,-12.450468750000017,0.06912442396313365,0.06451612903225806
656,1158,0.11024565608148593,0.0329538645895746,4.0,-1.4163671875000015,-12.887484375000016,3.0,-0.7641328125000004,-12.450468750000017,0.11981566820276497,0.06451612903225806
657,439,0.035949670461354104,0.0329538645895746,3.0,-0.7339414062500015,-13.143898437500015,3.0,-0.7641328125000004,-12.450468750000017,0.06682027649769585,0.06451612903225806
658,530,0.10964649490713002,0.0329538645895746,4.0,-1.2934414062500017,-12.707148437500015,3.0,-0.7641328125000004,-12.450468750000017,0.11981566820276497,0.06451612903225806
659,1106,0.03654883163571001,0.0329538645895746,3.0,-0.5292500000000017,-12.919281250000015,3.0,-0.7641328125000004,-12.450468750000017,0.07142857142857142,0.06451612903225806
660,530,0.10545236668663871,0.0329538645895746,4.0,-1.0887500000000019,-12.482531250000015,3.0,-0.7641328125000004,-12.450468750000017,0.1175115207373272,0.06451612903225806
661,1066,0.03714799281006591,0.0329538645895746,3.0,-0.5176054687500018,-12.836507812500015,3.0,-0.7641328125000004,-12.450468750000017,0.07142857142857142,0.06451612903225806
662,1589,0.10545236668663871,0.0329538645895746,4.0,-1.1437070312500017,-12.560195312500015,3.0,-0.7641328125000004,-12.450468750000017,0.1175115207373272,0.06451612903225806
663,742,0.03714799281006591,0.0329538645895746,3.0,-0.5533007812500017,-12.928648437500016,3.0,-0.7641328125000004,-12.450468750000017,0.07142857142857142,0.06451612903225806
664,407,0.11084481725584182,0.0329538645895746,4.0,-1.2289570312500018,-12.556960937500016,3.0,-0.7641328125000004,-12.450468750000017,0.11981566820276497,0.06451612903225806
665,614,0.03654883163571001,0.0329538645895746,3.0,-0.5986718750000017,-12.865703125000016,3.0,-0.7641328125000004,-12.450468750000017,0.06912442396313365,0.06451612903225806
666,835,0.13121629718394248,0.0329538645895746,2.0,-0.011609375000001698,-13.107218750000015,3.0,-0.7641328125000004,-12.450468750000017,0.12903225806451613,0.06451612903225806
667,899,0.035350509286998205,0.0329538645895746,3.0,-0.6978789062500017,-12.919773437500016,3.0,-0.7641328125000004,-12.450468750000017,0.06451612903225806,0.06451612903225806
668,83,0.14140203714799282,0.0329538645895746,2.0,0.10188671874999833,-13.079007812500016,3.0,-0.7641328125000004,-12.450468750000017,0.1336405529953917,0.06451612903225806
669,1121,0.03654883163571001,0.0329538645895746,3.0,-0.5282773437500017,-12.909210937500017,3.0,-0.7641328125000004,-12.450468750000017,0.07142857142857142,0.06451612903225806
670,351,0.11204313960455363,0.0329538645895746,4.0,-1.2354960937500017,-12.548179687500017,3.0,-0.7641328125000004,-12.450468750000017,0.11981566820276497,0.06451612903225806
671,1058,0.035350509286998205,0.0329538645895746,3.0,-0.7106132812500017,-12.894820312500016,3.0,-0.7641328125000004,-12.450468750000017,0.06451612903225806,0.06451612903225806
672,1559,0.13421210305572198,0.0329538645895746,2.0,0.04928124999999839,-13.120703125000016,3.0,-0.7641328125000004,-12.450468750000017,0.12903225806451613,0.06451612903225806
673,358,0.03714799281006591,0.0329538645895746,3.0,-0.4491679687500016,-12.956539062500017,3.0,-0.7641328125000004,-12.450468750000017,0.06912442396313365,0.06451612903225806
674,1435,0.09286998202516476,0.0329538645895746,4.0,-0.9085664062500016,-12.670882812500016,3.0,-0.7641328125000004,-12.450468750000017,0.10599078341013825,0.06451612903225806
675,70,0.0347513481126423,0.0329538645895746,3.0,-0.35021093750000165,-12.995968750000017,3.0,-0.7641328125000004,-12.450468750000017,0.07142857142857142,0.06451612903225806
676,948,0.09526662672258837,0.0329538645895746,4.0,-0.9820429687500016,-12.682507812500017,3.0,-0.7641328125000004,-12.450468750000017,0.10599078341013825,0.06451612903225806
677,1122,0.03834631515877771,0.0329538645895746,3.0,-0.5049687500000017,-12.977515625000017,3.0,-0.7641328125000004,-12.450468750000017,0.06912442396313365,0.06451612903225806
678,439,0.15218693828639904,0.0329538645895746,2.0,0.17745703124999823,-13.233929687500016,3.0,-0.7641328125000004,-12.450468750000017,0.1497695852534562,0.06451612903225806
679,1340,0.035949670461354104,0.0329538645895746,3.0,-0.6275468750000018,-12.985578125000016,3.0,-0.7641328125000004,-12.450468750000017,0.06912442396313365,0.06451612903225806
680,948,0.10964649490713002,0.0329538645895746,4.0,-1.2593789062500018,-12.672117187500016,3.0,-0.7641328125000004,-12.450468750000017,0.1175115207373272,0.06451612903225806
681,835,0.0347513481126423,0.0329538645895746,3.0,-0.6723164062500018,-12.913632812500015,3.0,-0.7641328125000004,-12.450468750000017,0.06451612903225806,0.06451612903225806
682,6,0.11923307369682444,0.0329538645895746,4.0,-1.3882304687500018,-12.566164062500015,3.0,-0.7641328125000004,-12.450468750000017,0.12672811059907835,0.06451612903225806
683,204,0.0347513481126423,0.0329538645895746,3.0,-0.7567382812500018,-12.874070312500015,3.0,-0.7641328125000004,-12.450468750000017,0.06221198156682028,0.06451612903225806
684,1171,0.11384062312762133,0.0329538645895746,4.0,-1.3093984375000018,-12.607015625000015,3.0,-0.7641328125000004,-12.450468750000017,0.11981566820276497,0.06451612903225806
685,806,0.035350509286998205,0.0329538645895746,3.0,-0.6943398437500019,-12.855054687500015,3.0,-0.7641328125000004,-12.450468750000017,0.06451612903225806,0.06451612903225806
686,1171,0.11024565608148593,0.0329538645895746,4.0,-1.2470000000000019,-12.588000000000015,3.0,-0.7641328125000004,-12.450468750000017,0.11981566820276497,0.06451612903225806
687,1590,0.037747153984421807,0.0329538645895746,3.0,-0.5761367187500018,-12.931851562500015,3.0,-0.7641328125000004,-12.450468750000017,0.06912442396313365,0.06451612903225806
688,1158,0.11204313960455363,0.0329538645895746,4.0,-1.2832851562500018,-12.631398437500014,3.0,-0.7641328125000004,-12.450468750000017,0.11981566820276497,0.06451612903225806
689,1191,0.035949670461354104,0.0329538645895746,3.0,-0.7160898437500018,-12.930929687500013,3.0,-0.7641328125000004,-12.450468750000017,0.06451612903225806,0.06451612903225806
690,1002,0.1318154583582984,0.0329538645895746,2.0,-0.0055585937500017835,-13.188835937500013,3.0,-0.7641328125000004,-12.450468750000017,0.12903225806451613,0.06451612903225806
691,490,0.035949670461354104,0.0329538645895746,3.0,-0.6076171875000018,-12.857171875000013,3.0,-0.7641328125000004,-12.450468750000017,0.06682027649769585,0.06451612903225806
692,117,0.11264230077890952,0.0329538645895746,4.0,-1.2636132812500018,-12.579507812500013,3.0,-0.7641328125000004,-12.450468750000017,0.11981566820276497,0.06451612903225806
693,1038,0.0347513481126423,0.0329538645895746,3.0,-0.6817929687500018,-12.946898437500014,3.0,-0.7641328125000004,-12.450468750000017,0.06682027649769585,0.06451612903225806
694,439,0.1324146195326543,0.0329538645895746,2.0,0.0006328124999981366,-13.203312500000013,3.0,-0.7641328125000004,-12.450468750000017,0.12903225806451613,0.06451612903225806
695,210,0.035350509286998205,0.0329538645895746,3.0,-0.8628593750000019,-13.026140625000014,3.0,-0.7641328125000004,-12.450468750000017,0.06221198156682028,0.06451612903225806
696,948,0.11983223487118035,0.0329538645895746,4.0,-1.4946914062500019,-12.712679687500014,3.0,-0.7641328125000004,-12.450468750000017,0.12672811059907835,0.06451612903225806
697,1018,0.033553025763930495,0.0329538645895746,3.0,-1.0186562500000018,-13.066406250000014,3.0,-0.7641328125000004,-12.450468750000017,0.06451612903225806,0.06451612903225806
698,642,0.10724985020970641,0.0329538645895746,2.0,-0.32867968750000187,-13.336406250000014,3.0,-0.7641328125000004,-12.450468750000017,0.11059907834101383,0.06451612903225806
699,1130,0.035350509286998205,0.0329538645895746,3.0,-0.7505703125000018,-12.971500000000013,3.0,-0.7641328125000004,-12.450468750000017,0.06451612903225806,0.06451612903225806
700,1663,0.11803475134811264,0.0329538645895746,4.0,-1.3763320312500018,-12.603273437500013,3.0,-0.7641328125000004,-12.450468750000017,0.12211981566820276,0.06451612903225806
701,1199,0.033553025763930495,0.0329538645895746,3.0,-0.9772265625000018,-12.942375000000013,3.0,-0.7641328125000004,-12.450468750000017,0.06451612903225806,0.06451612903225806
702,1579,0.1288196524865189,0.0329538645895746,4.0,-1.5948945312500018,-12.653257812500012,3.0,-0.7641328125000004,-12.450468750000017,0.1313364055299539,0.06451612903225806
703,91,0.033553025763930495,0.0329538645895746,3.0,-0.9824023437500018,-12.890476562500012,3.0,-0.7641328125000004,-12.450468750000017,0.06682027649769585,0.06451612903225806
704,237,0.12642300778909527,0.0329538645895746,4.0,-1.4871171875000018,-12.534562500000012,3.0,-0.7641328125000004,-12.450468750000017,0.1313364055299539,0.06451612903225806
705,699,0.0347513481126423,0.0329538645895746,3.0,-0.7978281250000018,-12.835656250000012,3.0,-0.7641328125000004,-12.450468750000017,0.06221198156682028,0.06451612903225806
706,1002,0.12462552426602756,0.0329538645895746,2.0,-0.08729687500000172,-13.093562500000012,3.0,-0.7641328125000004,-12.450468750000017,0.12672811059907835,0.06451612903225806
707,1241,0.035350509286998205,0.0329538645895746,3.0,-0.7603867187500017,-12.817773437500012,3.0,-0.7641328125000004,-12.450468750000017,0.06221198156682028,0.06451612903225806
708,1158,0.12522468544038345,0.0329538645895746,4.0,-1.4675351562500016,-12.517320312500011,3.0,-0.7641328125000004,-12.450468750000017,0.1313364055299539,0.06451612903225806
709,1486,0.033553025763930495,0.0329538645895746,3.0,-0.9468203125000016,-12.872343750000011,3.0,-0.7641328125000004,-12.450468750000017,0.06451612903225806,0.06451612903225806
710,222,0.12522468544038345,0.0329538645895746,4.0,-1.4866250000000016,-12.570890625000011,3.0,-0.7641328125000004,-12.450468750000017,0.1313364055299539,0.06451612903225806
711,260,0.033553025763930495,0.0329538645895746,3.0,-0.8579648437500016,-12.915476562500011,3.0,-0.7641328125000004,-12.450468750000017,0.06682027649769585,0.06451612903225806
712,491,0.09826243259436789,0.0329538645895746,2.0,-0.35953515625000165,-13.05588281250001,3.0,-0.7641328125000004,-12.450468750000017,0.10829493087557604,0.06451612903225806
713,308,0.0329538645895746,0.0329538645895746,3.0,-0.9139804687500016,-12.825257812500011,3.0,-0.7641328125000004,-12.450468750000017,0.06451612903225806,0.06451612903225806
714,1132,0.08747753145596165,0.0329538645895746,2.0,-0.4469687500000016,-13.077187500000012,3.0,-0.7641328125000004,-12.450468750000017,0.10599078341013825,0.06451612903225806
715,647,0.03894547633313361,0.0329538645895746,3.0,-1.1755390625000017,-12.89587500000001,3.0,-0.7641328125000004,-12.450468750000017,0.06912442396313365,0.06451612903225806
716,1559,0.09286998202516476,0.0329538645895746,2.0,-0.41564453125000167,-13.121757812500011,3.0,-0.7641328125000004,-12.450468750000017,0.10829493087557604,0.06451612903225806
717,473,0.033553025763930495,0.0329538645895746,3.0,-1.0218515625000018,-12.834250000000011,3.0,-0.7641328125000004,-12.450468750000017,0.06451612903225806,0.06451612903225806
718,549,0.1396045536249251,0.0329538645895746,4.0,-1.6570234375000017,-12.475250000000011,3.0,-0.7641328125000004,-12.450468750000017,0.14055299539170507,0.06451612903225806
719,586,0.033553025763930495,0.0329538645895746,3.0,-0.9740898437500016,-12.861257812500012,3.0,-0.7641328125000004,-12.450468750000017,0.06682027649769585,0.06451612903225806
720,462,0.13361294188136608,0.0329538645895746,4.0,-1.6034414062500015,-12.579648437500012,3.0,-0.7641328125000004,-12.450468750000017,0.1336405529953917,0.06451612903225806
721,1391,0.03834631515877771,0.0329538645895746,3.0,-1.2016953125000014,-12.929843750000012,3.0,-0.7641328125000004,-12.450468750000017,0.06912442396313365,0.06451612903225806
722,1422,0.09047333732774117,0.0329538645895746,2.0,-0.4438125000000014,-13.194750000000012,3.0,-0.7641328125000004,-12.450468750000017,0.10599078341013825,0.06451612903225806
723,490,0.0341521869382864,0.0329538645895746,3.0,-1.0458710937500015,-12.863085937500012,3.0,-0.7641328125000004,-12.450468750000017,0.06451612903225806,0.06451612903225806
724,947,0.10185739964050329,0.0329538645895746,2.0,-0.3321367187500015,-13.113898437500012,3.0,-0.7641328125000004,-12.450468750000017,0.11059907834101383,0.06451612903225806
725,1485,0.033553025763930495,0.0329538645895746,3.0,-0.9311992187500016,-12.696132812500013,3.0,-0.7641328125000004,-12.450468750000017,0.06682027649769585,0.06451612903225806
726,778,0.10365488316357101,0.0329538645895746,2.0,-0.2726132812500015,-12.978039062500013,3.0,-0.7641328125000004,-12.450468750000017,0.11059907834101383,0.06451612903225806
727,1496,0.0341521869382864,0.0329538645895746,3.0,-1.0181875000000016,-12.786562500000013,3.0,-0.7641328125000004,-12.450468750000017,0.06451612903225806,0.06451612903225806
728,490,0.1384062312762133,0.0329538645895746,4.0,-1.6202460937500016,-12.454898437500013,3.0,-0.7641328125000004,-12.450468750000017,0.14055299539170507,0.06451612903225806
729,417,0.0347513481126423,0.0329538645895746,3.0,-1.0393632812500015,-12.754351562500013,3.0,-0.7641328125000004,-12.450468750000017,0.06451612903225806,0.06451612903225806
730,122,0.1396045536249251,0.0329538645895746,4.0,-1.6460585937500016,-12.462335937500013,3.0,-0.7641328125000004,-12.450468750000017,0.14055299539170507,0.06451612903225806
731,1018,0.03834631515877771,0.0329538645895746,3.0,-1.1700234375000016,-12.816062500000013,3.0,-0.7641328125000004,-12.450468750000017,0.07373271889400922,0.06451612903225806
732,83,0.09346914319952067,0.0329538645895746,2.0,-0.37025781250000156,-12.975296875000014,3.0,-0.7641328125000004,-12.450468750000017,0.10829493087557604,0.06451612903225806
733,351,0.03834631515877771,0.0329538645895746,3.0,-1.0774765625000016,-12.614265625000014,3.0,-0.7641328125000004,-12.450468750000017,0.07373271889400922,0.06451612903225806
734,947,0.08927501497902936,0.0329538645895746,2.0,-0.36374218750000153,-12.865078125000014,3.0,-0.7641328125000004,-12.450468750000017,0.10599078341013825,0.06451612903225806
735,718,0.0341521869382864,0.0329538645895746,3.0,-0.9800859375000015,-12.670562500000015,3.0,-0.7641328125000004,-12.450468750000017,0.06451612903225806,0.06451612903225806
736,407,0.14619532654284004,0.0329538645895746,4.0,-1.6557421875000016,-12.298875000000015,3.0,-0.7641328125000004,-12.450468750000017,0.15207373271889402,0.06451612903225806
737,871,0.037747153984421807,0.0329538645895746,3.0,-1.0516679687500017,-12.624695312500014,3.0,-0.7641328125000004,-12.450468750000017,0.07142857142857142,0.06451612903225806
738,1613,0.07968843618933494,0.0329538645895746,2.0,-0.5560429687500017,-12.870976562500015,3.0,-0.7641328125000004,-12.450468750000017,0.0967741935483871,0.06451612903225806
739,1661,0.03894547633313361,0.0329538645895746,3.0,-1.1087070312500016,-12.671195312500014,3.0,-0.7641328125000004,-12.450468750000017,0.07142857142857142,0.06451612903225806
740,207,0.1431995206710605,0.0329538645895746,4.0,-1.6294531250000015,-12.366828125000014,3.0,-0.7641328125000004,-12.450468750000017,0.14285714285714285,0.06451612903225806
741,1192,0.0341521869382864,0.0329538645895746,3.0,-0.9801640625000015,-12.658875000000014,3.0,-0.7641328125000004,-12.450468750000017,0.06451612903225806,0.06451612903225806
742,730,0.08328340323547034,0.0329538645895746,2.0,-0.45958984375000156,-12.866570312500015,3.0,-0.7641328125000004,-12.450468750000017,0.10368663594470046,0.06451612903225806
743,722,0.03894547633313361,0.0329538645895746,3.0,-1.0925859375000015,-12.548000000000014,3.0,-0.7641328125000004,-12.450468750000017,0.06912442396313365,0.06451612903225806
744,722,0.15158777711204313,0.0329538645895746,4.0,-1.7255820312500014,-12.229429687500014,3.0,-0.7641328125000004,-12.450468750000017,0.15668202764976957,0.06451612903225806
745,1359,0.040143798681845415,0.0329538645895746,3.0,-1.1716953125000014,-12.625062500000015,3.0,-0.7641328125000004,-12.450468750000017,0.07142857142857142,0.06451612903225806
746,511,0.08328340323547034,0.0329538645895746,2.0,-0.46812500000000123,-12.895125000000014,3.0,-0.7641328125000004,-12.450468750000017,0.10368663594470046,0.06451612903225806
747,996,0.04074295985620132,0.0329538645895746,3.0,-1.2253242187500013,-12.694742187500015,3.0,-0.7641328125000004,-12.450468750000017,0.07142857142857142,0.06451612903225806
748,1160,0.08328340323547034,0.0329538645895746,2.0,-0.49963281250000136,-13.000953125000015,3.0,-0.7641328125000004,-12.450468750000017,0.10368663594470046,0.06451612903225806
749,613,0.04373876572798083,0.0329538645895746,3.0,-1.3093789062500014,-12.774054687500016,3.0,-0.7641328125000004,-12.450468750000017,0.07142857142857142,0.06451612903225806
750,1002,0.07968843618933494,0.0329538645895746,2.0,-0.5988476562500014,-13.031960937500015,3.0,-0.7641328125000004,-12.450468750000017,0.09907834101382489,0.06451612903225806
751,207,0.03834631515877771,0.0329538645895746,3.0,-1.1195937500000013,-12.727593750000015,3.0,-0.7641328125000004,-12.450468750000017,0.07373271889400922,0.06451612903225806
752,1143,0.07968843618933494,0.0329538645895746,2.0,-0.5825820312500012,-13.007835937500015,3.0,-0.7641328125000004,-12.450468750000017,0.09907834101382489,0.06451612903225806
753,467,0.04553624925104853,0.0329538645895746,3.0,-1.3635195312500012,-12.798726562500015,3.0,-0.7641328125000004,-12.450468750000017,0.07373271889400922,0.06451612903225806
754,222,0.15158777711204313,0.0329538645895746,4.0,-1.9033242187500012,-12.497273437500015,3.0,-0.7641328125000004,-12.450468750000017,0.15668202764976957,0.06451612903225806
755,586,0.03894547633313361,0.0329538645895746,3.0,-1.2203906250000012,-12.883281250000016,3.0,-0.7641328125000004,-12.450468750000017,0.06912442396313365,0.06451612903225806
756,642,0.08328340323547034,0.0329538645895746,2.0,-0.5304140625000012,-13.153281250000015,3.0,-0.7641328125000004,-12.450468750000017,0.10368663594470046,0.06451612903225806
757,1171,0.0347513481126423,0.0329538645895746,3.0,-1.083074218750001,-12.886226562500015,3.0,-0.7641328125000004,-12.450468750000017,0.06451612903225806,0.06451612903225806
758,806,0.08747753145596165,0.0329538645895746,2.0,-0.46801562500000116,-13.134265625000015,3.0,-0.7641328125000004,-12.450468750000017,0.10599078341013825,0.06451612903225806
759,1430,0.0347513481126423,0.0329538645895746,3.0,-1.0834140625000013,-12.871078125000015,3.0,-0.7641328125000004,-12.450468750000017,0.06451612903225806,0.06451612903225806
760,691,0.1420011983223487,0.0329538645895746,4.0,-1.7140625000000012,-12.501203125000014,3.0,-0.7641328125000004,-12.450468750000017,0.14055299539170507,0.06451612903225806
761,1451,0.033553025763930495,0.0329538645895746,3.0,-0.9747968750000011,-12.801046875000015,3.0,-0.7641328125000004,-12.450468750000017,0.06682027649769585,0.06451612903225806
762,89,0.10784901138406232,0.0329538645895746,2.0,-0.2620000000000011,-13.066921875000014,3.0,-0.7641328125000004,-12.450468750000017,0.11290322580645161,0.06451612903225806
763,506,0.03235470341521869,0.03235470341521869,3.0,-0.9020117187500011,-12.898976562500014,3.0,-0.9020117187500011,-12.898976562500014,0.06451612903225806,0.06451612903225806
764,407,0.13361294188136608,0.03235470341521869,4.0,-1.577667968750001,-12.527289062500014,3.0,-0.9020117187500011,-12.898976562500014,0.1336405529953917,0.06451612903225806
765,727,0.0347513481126423,0.03235470341521869,3.0,-1.077523437500001,-12.875484375000013,3.0,-0.9020117187500011,-12.898976562500014,0.06451612903225806,0.06451612903225806
766,1599,0.1030557219892151,0.03235470341521869,2.0,-0.3259648437500009,-13.148898437500014,3.0,-0.9020117187500011,-12.898976562500014,0.11059907834101383,0.06451612903225806
767,241,0.033553025763930495,0.03235470341521869,3.0,-1.0022539062500009,-12.927132812500014,3.0,-0.9020117187500011,-12.898976562500014,0.06682027649769585,0.06451612903225806
768,351,0.1390053924505692,0.03235470341521869,4.0,-1.7094726562500009,-12.566101562500014,3.0,-0.9020117187500011,-12.898976562500014,0.14055299539170507,0.06451612903225806
769,741,0.0341521869382864,0.03235470341521869,3.0,-1.093003906250001,-12.960976562500015,3.0,-0.9020117187500011,-12.898976562500014,0.06451612903225806,0.06451612903225806
770,1485,0.1390053924505692,0.03235470341521869,4.0,-1.692066406250001,-12.543210937500016,3.0,-0.9020117187500011,-12.898976562500014,0.14055299539170507,0.06451612903225806
771,11,0.035949670461354104,0.03235470341521869,3.0,-1.142750000000001,-12.920468750000015,3.0,-0.9020117187500011,-12.898976562500014,0.06451612903225806,0.06451612903225806
772,1435,0.12941881366087477,0.03235470341521869,4.0,-1.602148437500001,-12.634812500000015,3.0,-0.9020117187500011,-12.898976562500014,0.1336405529953917,0.06451612903225806
773,1238,0.033553025763930495,0.03235470341521869,3.0,-0.993175781250001,-13.007617187500015,3.0,-0.9020117187500011,-12.898976562500014,0.06451612903225806,0.06451612903225806
774,549,0.13001797483523067,0.03235470341521869,4.0,-1.6283476562500012,-12.648617187500015,3.0,-0.9020117187500011,-12.898976562500014,0.1336405529953917,0.06451612903225806
775,70,0.033553025763930495,0.03235470341521869,3.0,-1.0699921875000014,-12.973703125000016,3.0,-0.9020117187500011,-12.898976562500014,0.06451612903225806,0.06451612903225806
776,778,0.09706411024565609,0.03235470341521869,2.0,-0.4114062500000013,-13.255609375000017,3.0,-0.9020117187500011,-12.898976562500014,0.10829493087557604,0.06451612903225806
777,1281,0.033553025763930495,0.03235470341521869,3.0,-1.0794062500000012,-13.083312500000016,3.0,-0.9020117187500011,-12.898976562500014,0.06682027649769585,0.06451612903225806
778,1457,0.12941881366087477,0.03235470341521869,4.0,-1.7144257812500012,-12.792679687500016,3.0,-0.9020117187500011,-12.898976562500014,0.1336405529953917,0.06451612903225806
779,232,0.0329538645895746,0.03235470341521869,3.0,-0.9823320312500012,-13.101601562500015,3.0,-0.9020117187500011,-12.898976562500014,0.06451612903225806,0.06451612903225806
780,1130,0.11384062312762133,0.03235470341521869,4.0,-1.4042226562500013,-12.736695312500014,3.0,-0.9020117187500011,-12.898976562500014,0.11981566820276497,0.06451612903225806
781,975,0.0347513481126423,0.03235470341521869,3.0,-0.8511484375000014,-13.097375000000014,3.0,-0.9020117187500011,-12.898976562500014,0.06221198156682028,0.06451612903225806
782,1485,0.11983223487118035,0.03235470341521869,4.0,-1.4502109375000014,-12.679609375000014,3.0,-0.9020117187500011,-12.898976562500014,0.12672811059907835,0.06451612903225806
783,1130,0.25224685440383465,0.03235470341521869,5.0,-1.8721015625000015,-12.314703125000014,3.0,-0.9020117187500011,-12.898976562500014,0.27880184331797236,0.06451612903225806
784,1196,0.10904733373277412,0.03235470341521869,4.0,-1.2714804687500014,-12.722039062500013,3.0,-0.9020117187500011,-12.898976562500014,0.1175115207373272,0.06451612903225806
785,1442,0.035949670461354104,0.03235470341521869,3.0,-0.6481328125000014,-13.046062500000012,3.0,-0.9020117187500011,-12.898976562500014,0.06912442396313365,0.06451612903225806
786,1171,0.1012582384661474,0.03235470341521869,4.0,-1.2007929687500014,-12.779007812500012,3.0,-0.9020117187500011,-12.898976562500014,0.1152073732718894,0.06451612903225806
787,806,0.03654883163571001,0.03235470341521869,3.0,-0.5857343750000015,-13.027046875000012,3.0,-0.9020117187500011,-12.898976562500014,0.07142857142857142,0.06451612903225806
788,1567,0.10964649490713002,0.03235470341521869,4.0,-1.3313359375000013,-12.761640625000013,3.0,-0.9020117187500011,-12.898976562500014,0.11981566820276497,0.06451612903225806
789,975,0.0347513481126423,0.03235470341521869,3.0,-0.7782617187500014,-13.122320312500012,3.0,-0.9020117187500011,-12.898976562500014,0.06451612903225806,0.06451612903225806
790,1435,0.1012582384661474,0.03235470341521869,4.0,-1.2376601562500014,-12.836664062500011,3.0,-0.9020117187500011,-12.898976562500014,0.1152073732718894,0.06451612903225806
791,169,0.03714799281006591,0.03235470341521869,3.0,-0.46566406250000125,-13.044140625000011,3.0,-0.9020117187500011,-12.898976562500014,0.06912442396313365,0.06451612903225806
792,379,0.09886159376872379,0.03235470341521869,4.0,-1.1572460937500013,-12.773789062500011,3.0,-0.9020117187500011,-12.898976562500014,0.11059907834101383,0.06451612903225806
793,979,0.03654883163571001,0.03235470341521869,3.0,-0.4755742187500014,-13.14025781250001,3.0,-0.9020117187500011,-12.898976562500014,0.06682027649769585,0.06451612903225806
794,1380,0.16536848412222888,0.03235470341521869,2.0,0.24746484374999866,-13.393617187500011,3.0,-0.9020117187500011,-12.898976562500014,0.15207373271889402,0.06451612903225806
795,1579,0.0347513481126423,0.03235470341521869,3.0,-0.3702031250000014,-13.10450000000001,3.0,-0.9020117187500011,-12.898976562500014,0.06912442396313365,0.06451612903225806
796,122,0.09167165967645297,0.03235470341521869,4.0,-0.9768984375000014,-12.812484375000011,3.0,-0.9020117187500011,-12.898976562500014,0.10599078341013825,0.06451612903225806
797,1451,0.035949670461354104,0.03235470341521869,3.0,-0.23763281250000134,-13.112328125000012,3.0,-0.9020117187500011,-12.898976562500014,0.06912442396313365,0.06451612903225806
798,606,0.09047333732774117,0.03235470341521869,4.0,-0.9777656250000013,-12.867625000000013,3.0,-0.9020117187500011,-12.898976562500014,0.10138248847926268,0.06451612903225806
799,1593,0.03654883163571001,0.03235470341521869,3.0,-0.24453906250000135,-13.165406250000013,3.0,-0.9020117187500011,-12.898976562500014,0.06912442396313365,0.06451612903225806
800,549,0.08927501497902936,0.03235470341521869,4.0,-0.8797109375000014,-12.806406250000013,3.0,-0.9020117187500011,-12.898976562500014,0.09907834101382489,0.06451612903225806
801,1533,0.035350509286998205,0.03235470341521869,3.0,-0.29059765625000145,-13.124601562500013,3.0,-0.9020117187500011,-12.898976562500014,0.06912442396313365,0.06451612903225806
802,351,0.09406830437387657,0.03235470341521869,4.0,-0.9978164062500015,-12.763570312500013,3.0,-0.9020117187500011,-12.898976562500014,0.10599078341013825,0.06451612903225806
803,730,0.03714799281006591,0.03235470341521869,3.0,-0.47724218750000147,-12.971265625000013,3.0,-0.9020117187500011,-12.898976562500014,0.06912442396313365,0.06451612903225806
804,1589,0.09826243259436789,0.03235470341521869,4.0,-1.1033437500000014,-12.694953125000014,3.0,-0.9020117187500011,-12.898976562500014,0.11059907834101383,0.06451612903225806
805,1622,0.037747153984421807,0.03235470341521869,3.0,-0.5056562500000015,-13.033078125000014,3.0,-0.9020117187500011,-12.898976562500014,0.06912442396313365,0.06451612903225806
806,122,0.09826243259436789,0.03235470341521869,4.0,-1.1123515625000016,-12.741062500000014,3.0,-0.9020117187500011,-12.898976562500014,0.11059907834101383,0.06451612903225806
807,260,0.03714799281006591,0.03235470341521869,3.0,-0.4836914062500015,-13.085648437500014,3.0,-0.9020117187500011,-12.898976562500014,0.06912442396313365,0.06451612903225806
808,6,0.10185739964050329,0.03235470341521869,4.0,-1.1996054687500015,-12.738179687500015,3.0,-0.9020117187500011,-12.898976562500014,0.1152073732718894,0.06451612903225806
809,1533,0.03714799281006591,0.03235470341521869,3.0,-0.6104921875000016,-13.056375000000015,3.0,-0.9020117187500011,-12.898976562500014,0.07142857142857142,0.06451612903225806
810,530,0.10545236668663871,0.03235470341521869,4.0,-1.1699921875000017,-12.619625000000015,3.0,-0.9020117187500011,-12.898976562500014,0.1175115207373272,0.06451612903225806
811,947,0.03894547633313361,0.03235470341521869,3.0,-0.45625781250000164,-12.870437500000016,3.0,-0.9020117187500011,-12.898976562500014,0.06912442396313365,0.06451612903225806
812,1663,0.1042540443379269,0.03235470341521869,4.0,-1.0820195312500016,-12.502210937500015,3.0,-0.9020117187500011,-12.898976562500014,0.1175115207373272,0.06451612903225806
813,1431,0.037747153984421807,0.03235470341521869,3.0,-0.5395351562500016,-12.855679687500015,3.0,-0.9020117187500011,-12.898976562500014,0.06912442396313365,0.06451612903225806
814,473,0.10545236668663871,0.03235470341521869,4.0,-1.1457421875000016,-12.568171875000015,3.0,-0.9020117187500011,-12.898976562500014,0.1175115207373272,0.06451612903225806
815,778,0.03654883163571001,0.03235470341521869,3.0,-0.4871562500000015,-12.850078125000016,3.0,-0.9020117187500011,-12.898976562500014,0.07142857142857142,0.06451612903225806
816,1485,0.10665068903535051,0.03235470341521869,4.0,-1.0862187500000016,-12.432312500000016,3.0,-0.9020117187500011,-12.898976562500014,0.1175115207373272,0.06451612903225806
817,931,0.03714799281006591,0.03235470341521869,3.0,-0.4550664062500015,-12.724148437500016,3.0,-0.9020117187500011,-12.898976562500014,0.07142857142857142,0.06451612903225806
818,379,0.11024565608148593,0.03235470341521869,4.0,-1.1466484375000014,-12.453796875000016,3.0,-0.9020117187500011,-12.898976562500014,0.11981566820276497,0.06451612903225806
819,1554,0.0347513481126423,0.03235470341521869,3.0,-0.5643515625000014,-12.642625000000017,3.0,-0.9020117187500011,-12.898976562500014,0.06451612903225806,0.06451612903225806
820,1002,0.14140203714799282,0.03235470341521869,2.0,0.14617968749999866,-12.900531250000016,3.0,-0.9020117187500011,-12.898976562500014,0.1336405529953917,0.06451612903225806
821,1353,0.035949670461354104,0.03235470341521869,3.0,-0.5748085937500013,-12.752898437500017,3.0,-0.9020117187500011,-12.898976562500014,0.06682027649769585,0.06451612903225806
822,1609,0.09706411024565609,0.03235470341521869,4.0,-0.8716640625000013,-12.456984375000017,3.0,-0.9020117187500011,-12.898976562500014,0.10829493087557604,0.06451612903225806
823,1097,0.035949670461354104,0.03235470341521869,3.0,-0.19467187500000127,-12.777593750000017,3.0,-0.9020117187500011,-12.898976562500014,0.07142857142857142,0.06451612903225806
824,1339,0.09946075494307968,0.03235470341521869,4.0,-0.9869960937500013,-12.514101562500016,3.0,-0.9020117187500011,-12.898976562500014,0.11059907834101383,0.06451612903225806
825,1446,0.03654883163571001,0.03235470341521869,3.0,-0.34394140625000125,-12.864507812500017,3.0,-0.9020117187500011,-12.898976562500014,0.06912442396313365,0.06451612903225806
826,1613,0.14739364889155182,0.03235470341521869,2.0,0.15168359374999874,-13.110789062500018,3.0,-0.9020117187500011,-12.898976562500014,0.14516129032258066,0.06451612903225806
827,828,0.03714799281006591,0.03235470341521869,3.0,-0.5607070312500012,-12.946289062500018,3.0,-0.9020117187500011,-12.898976562500014,0.07142857142857142,0.06451612903225806
828,1106,0.15518274415817854,0.03235470341521869,2.0,0.20348437499999883,-13.158421875000018,3.0,-0.9020117187500011,-12.898976562500014,0.1497695852534562,0.06451612903225806
829,1174,0.037747153984421807,0.03235470341521869,3.0,-0.47568359375000124,-12.950726562500018,3.0,-0.9020117187500011,-12.898976562500014,0.06912442396313365,0.06451612903225806
830,1613,0.13361294188136608,0.03235470341521869,2.0,0.01994140624999874,-13.197007812500019,3.0,-0.9020117187500011,-12.898976562500014,0.12903225806451613,0.06451612903225806
831,722,0.03654883163571001,0.03235470341521869,3.0,-0.6130546875000012,-12.878437500000018,3.0,-0.9020117187500011,-12.898976562500014,0.06682027649769585,0.06451612903225806
832,1465,0.11983223487118035,0.03235470341521869,4.0,-1.4047265625000014,-12.603062500000018,3.0,-0.9020117187500011,-12.898976562500014,0.12672811059907835,0.06451612903225806
833,566,0.0347513481126423,0.03235470341521869,3.0,-0.7114960937500014,-12.962789062500018,3.0,-0.9020117187500011,-12.898976562500014,0.06451612903225806,0.06451612903225806
834,1422,0.1348112642300779,0.03235470341521869,2.0,0.04638671874999856,-13.227695312500018,3.0,-0.9020117187500011,-12.898976562500014,0.12903225806451613,0.06451612903225806
835,207,0.037747153984421807,0.03235470341521869,3.0,-0.47435937500000136,-12.923328125000017,3.0,-0.9020117187500011,-12.898976562500014,0.06912442396313365,0.06451612903225806
836,1554,0.14379868184541642,0.03235470341521869,2.0,0.10793749999999869,-13.112156250000018,3.0,-0.9020117187500011,-12.898976562500014,0.1382488479262673,0.06451612903225806
837,512,0.035350509286998205,0.03235470341521869,3.0,-0.7327812500000013,-12.935718750000017,3.0,-0.9020117187500011,-12.898976562500014,0.06451612903225806,0.06451612903225806
838,1114,0.12522468544038345,0.03235470341521869,2.0,-0.07615625000000126,-13.101125000000017,3.0,-0.9020117187500011,-12.898976562500014,0.12672811059907835,0.06451612903225806
839,241,0.0347513481126423,0.03235470341521869,3.0,-0.7524453125000012,-12.879359375000018,3.0,-0.9020117187500011,-12.898976562500014,0.06221198156682028,0.06451612903225806
840,525,0.12043139604553625,0.03235470341521869,4.0,-1.3981640625000011,-12.520687500000017,3.0,-0.9020117187500011,-12.898976562500014,0.12903225806451613,0.06451612903225806
841,104,0.035350509286998205,0.03235470341521869,3.0,-0.7283906250000012,-12.887546875000018,3.0,-0.9020117187500011,-12.898976562500014,0.06451612903225806,0.06451612903225806
842,835,0.11923307369682444,0.03235470341521869,2.0,-0.14132812500000114,-13.129062500000018,3.0,-0.9020117187500011,-12.898976562500014,0.12672811059907835,0.06451612903225806
843,1663,0.0347513481126423,0.03235470341521869,3.0,-0.7670898437500011,-12.760835937500017,3.0,-0.9020117187500011,-12.898976562500014,0.06221198156682028,0.06451612903225806
844,439,0.12342720191731575,0.03235470341521869,2.0,-0.08466406250000114,-13.017250000000017,3.0,-0.9020117187500011,-12.898976562500014,0.12672811059907835,0.06451612903225806
845,436,0.035350509286998205,0.03235470341521869,3.0,-0.6795429687500011,-12.792835937500017,3.0,-0.9020117187500011,-12.898976562500014,0.06451612903225806,0.06451612903225806
846,1380,0.1330137807070102,0.03235470341521869,2.0,0.043496093749998965,-13.046195312500018,3.0,-0.9020117187500011,-12.898976562500014,0.12903225806451613,0.06451612903225806
847,343,0.035350509286998205,0.03235470341521869,3.0,-0.755441406250001,-12.828695312500018,3.0,-0.9020117187500011,-12.898976562500014,0.06221198156682028,0.06451612903225806
848,351,0.1288196524865189,0.03235470341521869,4.0,-1.462660156250001,-12.467664062500019,3.0,-0.9020117187500011,-12.898976562500014,0.1313364055299539,0.06451612903225806
849,355,0.0329538645895746,0.03235470341521869,3.0,-0.881855468750001,-12.832476562500018,3.0,-0.9020117187500011,-12.898976562500014,0.06451612903225806,0.06451612903225806
850,947,0.11623726782504494,0.03235470341521869,2.0,-0.16812109375000095,-13.083289062500018,3.0,-0.9020117187500011,-12.898976562500014,0.1175115207373272,0.06451612903225806
851,810,0.033553025763930495,0.03235470341521869,3.0,-0.927398437500001,-12.814156250000018,3.0,-0.9020117187500011,-12.898976562500014,0.06451612903225806,0.06451612903225806
852,838,0.10904733373277412,0.03235470341521869,2.0,-0.24616015625000098,-13.071335937500018,3.0,-0.9020117187500011,-12.898976562500014,0.1152073732718894,0.06451612903225806
853,54,0.03235470341521869,0.03235470341521869,3.0,-0.897414062500001,-12.874890625000019,3.0,-0.9020117187500011,-12.898976562500014,0.06451612903225806,0.06451612903225806
854,1119,0.10844817255841821,0.03235470341521869,2.0,-0.27468359375000095,-13.144648437500019,3.0,-0.9020117187500011,-12.898976562500014,0.11290322580645161,0.06451612903225806
855,494,0.0341521869382864,0.03235470341521869,3.0,-0.8734531250000009,-12.974046875000019,3.0,-0.9020117187500011,-12.898976562500014,0.06451612903225806,0.06451612903225806
856,1380,0.12103055721989216,0.03235470341521869,2.0,-0.1504140625000009,-13.22740625000002,3.0,-0.9020117187500011,-12.898976562500014,0.12672811059907835,0.06451612903225806
857,1426,0.0347513481126423,0.03235470341521869,3.0,-0.7907421875000008,-13.027140625000019,3.0,-0.9020117187500011,-12.898976562500014,0.06451612903225806,0.06451612903225806
858,169,0.1318154583582984,0.03235470341521869,2.0,-0.018746093750000692,-13.23461718750002,3.0,-0.9020117187500011,-12.898976562500014,0.12903225806451613,0.06451612903225806
859,472,0.03654883163571001,0.03235470341521869,3.0,-0.6792539062500007,-13.076507812500019,3.0,-0.9020117187500011,-12.898976562500014,0.06682027649769585,0.06451612903225806
860,1115,0.1318154583582984,0.03235470341521869,2.0,-0.0415117187500007,-13.313382812500018,3.0,-0.9020117187500011,-12.898976562500014,0.12903225806451613,0.06451612903225806
861,312,0.0347513481126423,0.03235470341521869,3.0,-0.7683125000000007,-13.145906250000019,3.0,-0.9020117187500011,-12.898976562500014,0.06682027649769585,0.06451612903225806
862,722,0.11144397843019772,0.03235470341521869,4.0,-1.4013085937500007,-12.827335937500019,3.0,-0.9020117187500011,-12.898976562500014,0.11981566820276497,0.06451612903225806
863,730,0.0347513481126423,0.03235470341521869,3.0,-0.8807343750000007,-13.035031250000019,3.0,-0.9020117187500011,-12.898976562500014,0.06451612903225806,0.06451612903225806
864,1106,0.12522468544038345,0.03235470341521869,2.0,-0.1165429687500007,-13.247164062500019,3.0,-0.9020117187500011,-12.898976562500014,0.12672811059907835,0.06451612903225806
865,1324,0.0341521869382864,0.03235470341521869,3.0,-0.8778828125000008,-12.99790625000002,3.0,-0.9020117187500011,-12.898976562500014,0.06451612903225806,0.06451612903225806
866,1130,0.11264230077890952,0.03235470341521869,4.0,-1.2997734375000007,-12.633000000000019,3.0,-0.9020117187500011,-12.898976562500014,0.11981566820276497,0.06451612903225806
867,656,0.035350509286998205,0.03235470341521869,3.0,-0.7442382812500008,-12.966039062500018,3.0,-0.9020117187500011,-12.898976562500014,0.06451612903225806,0.06451612903225806
868,948,0.11503894547633313,0.03235470341521869,4.0,-1.376070312500001,-12.652578125000018,3.0,-0.9020117187500011,-12.898976562500014,0.12211981566820276,0.06451612903225806
869,1304,0.033553025763930495,0.03235470341521869,3.0,-0.9126718750000009,-12.984843750000017,3.0,-0.9020117187500011,-12.898976562500014,0.06682027649769585,0.06451612903225806
870,1375,0.12103055721989216,0.03235470341521869,2.0,-0.14775390625000084,-13.233195312500017,3.0,-0.9020117187500011,-12.898976562500014,0.12672811059907835,0.06451612903225806
871,1368,0.0347513481126423,0.03235470341521869,3.0,-0.8198632812500009,-13.057617187500018,3.0,-0.9020117187500011,-12.898976562500014,0.06221198156682028,0.06451612903225806
872,835,0.11503894547633313,0.03235470341521869,2.0,-0.2328007812500008,-13.299132812500018,3.0,-0.9020117187500011,-12.898976562500014,0.1175115207373272,0.06451612903225806
873,955,0.0329538645895746,0.03235470341521869,3.0,-1.0310156250000007,-13.130687500000018,3.0,-0.9020117187500011,-12.898976562500014,0.06451612903225806,0.06451612903225806
874,730,0.08747753145596165,0.03235470341521869,2.0,-0.5104414062500007,-13.338382812500019,3.0,-0.9020117187500011,-12.898976562500014,0.10599078341013825,0.06451612903225806
875,1055,0.0329538645895746,0.03235470341521869,3.0,-1.0378359375000006,-13.165828125000019,3.0,-0.9020117187500011,-12.898976562500014,0.06451612903225806,0.06451612903225806
876,473,0.12043139604553625,0.03235470341521869,4.0,-1.6440429687500007,-12.87832031250002,3.0,-0.9020117187500011,-12.898976562500014,0.12442396313364056,0.06451612903225806
877,849,0.033553025763930495,0.03235470341521869,3.0,-0.9947695312500007,-13.190242187500019,3.0,-0.9020117187500011,-12.898976562500014,0.06682027649769585,0.06451612903225806
878,439,0.11144397843019772,0.03235470341521869,2.0,-0.3123437500000007,-13.446656250000018,3.0,-0.9020117187500011,-12.898976562500014,0.1152073732718894,0.06451612903225806
879,799,0.0329538645895746,0.03235470341521869,3.0,-1.0532343750000006,-13.205578125000018,3.0,-0.9020117187500011,-12.898976562500014,0.06451612903225806,0.06451612903225806
880,1130,0.11384062312762133,0.03235470341521869,4.0,-1.4751250000000007,-12.840671875000018,3.0,-0.9020117187500011,-12.898976562500014,0.11981566820276497,0.06451612903225806
881,1256,0.035949670461354104,0.03235470341521869,3.0,-0.8003789062500006,-13.152710937500018,3.0,-0.9020117187500011,-12.898976562500014,0.06451612903225806,0.06451612903225806
882,1132,0.10844817255841821,0.03235470341521869,2.0,-0.3333671875000006,-13.404640625000019,3.0,-0.9020117187500011,-12.898976562500014,0.11290322580645161,0.06451612903225806
883,279,0.033553025763930495,0.03235470341521869,3.0,-1.1168437500000006,-13.232375000000019,3.0,-0.9020117187500011,-12.898976562500014,0.06682027649769585,0.06451612903225806
884,407,0.13061713600958658,0.03235470341521869,4.0,-1.7925000000000006,-12.860687500000019,3.0,-0.9020117187500011,-12.898976562500014,0.1336405529953917,0.06451612903225806
885,719,0.0329538645895746,0.03235470341521869,3.0,-1.0536132812500005,-13.211789062500019,3.0,-0.9020117187500011,-12.898976562500014,0.06451612903225806,0.06451612903225806
886,1613,0.08747753145596165,0.03235470341521869,2.0,-0.5579882812500006,-13.45807031250002,3.0,-0.9020117187500011,-12.898976562500014,0.10599078341013825,0.06451612903225806
887,71,0.03894547633313361,0.03235470341521869,3.0,-1.3450468750000004,-13.26687500000002,3.0,-0.9020117187500011,-12.898976562500014,0.06912442396313365,0.06451612903225806
888,1119,0.07968843618933494,0.03235470341521869,2.0,-0.7223164062500004,-13.53663281250002,3.0,-0.9020117187500011,-12.898976562500014,0.09907834101382489,0.06451612903225806
889,466,0.04313960455362492,0.03235470341521869,3.0,-1.5091914062500003,-13.24538281250002,3.0,-0.9020117187500011,-12.898976562500014,0.07142857142857142,0.06451612903225806
890,847,0.07849011384062313,0.03235470341521869,2.0,-0.7803515625000002,-13.54109375000002,3.0,-0.9020117187500011,-12.898976562500014,0.0967741935483871,0.06451612903225806
891,180,0.03834631515877771,0.03235470341521869,3.0,-1.4146875,-13.309671875000019,3.0,-0.9020117187500011,-12.898976562500014,0.06682027649769585,0.06451612903225806
892,1435,0.1288196524865189,0.03235470341521869,4.0,-1.8740859375,-13.024015625000018,3.0,-0.9020117187500011,-12.898976562500014,0.1336405529953917,0.06451612903225806
893,1446,0.033553025763930495,0.03235470341521869,3.0,-1.23103125,-13.374421875000019,3.0,-0.9020117187500011,-12.898976562500014,0.06451612903225806,0.06451612903225806
894,793,0.10005991611743559,0.03235470341521869,2.0,-0.47505859375000004,-13.61502343750002,3.0,-0.9020117187500011,-12.898976562500014,0.11059907834101383,0.06451612903225806
895,1368,0.03235470341521869,0.03235470341521869,3.0,-1.14716796875,-13.43944531250002,3.0,-0.9020117187500011,-12.898976562500014,0.06451612903225806,0.06451612903225806
896,740,0.08388256440982625,0.03235470341521869,2.0,-0.6745546875,-13.67912500000002,3.0,-0.9020117187500011,-12.898976562500014,0.10368663594470046,0.06451612903225806
897,1333,0.035350509286998205,0.03235470341521869,3.0,-1.04347265625,-13.45967968750002,3.0,-0.9020117187500011,-12.898976562500014,0.06221198156682028,0.06451612903225806
898,466,0.11983223487118035,0.03235470341521869,4.0,-1.83034765625,-13.168429687500021,3.0,-0.9020117187500011,-12.898976562500014,0.12442396313364056,0.06451612903225806
899,625,0.033553025763930495,0.03235470341521869,3.0,-1.23696875,-13.44670312500002,3.0,-0.9020117187500011,-12.898976562500014,0.06451612903225806,0.06451612903225806
900,237,0.11923307369682444,0.03235470341521869,4.0,-1.74168359375,-13.09078906250002,3.0,-0.9020117187500011,-12.898976562500014,0.12442396313364056,0.06451612903225806
901,848,0.035350509286998205,0.03235470341521869,3.0,-1.015171875,-13.376515625000021,3.0,-0.9020117187500011,-12.898976562500014,0.06451612903225806,0.06451612903225806
902,1158,0.11923307369682444,0.03235470341521869,4.0,-1.7223203125,-13.07606250000002,3.0,-0.9020117187500011,-12.898976562500014,0.12211981566820276,0.06451612903225806
903,1240,0.033553025763930495,0.03235470341521869,3.0,-1.20101171875,-13.43303906250002,3.0,-0.9020117187500011,-12.898976562500014,0.06682027649769585,0.06451612903225806
904,1485,0.12582384661473936,0.03235470341521869,4.0,-1.80007421875,-13.01527343750002,3.0,-0.9020117187500011,-12.898976562500014,0.1313364055299539,0.06451612903225806
905,303,0.033553025763930495,0.03235470341521869,3.0,-1.2591953125000002,-13.389796875000021,3.0,-0.9020117187500011,-12.898976562500014,0.06451612903225806,0.06451612903225806
906,1115,0.08627920910724984,0.03235470341521869,2.0,-0.6214531250000002,-13.62667187500002,3.0,-0.9020117187500011,-12.898976562500014,0.10599078341013825,0.06451612903225806
907,446,0.033553025763930495,0.03235470341521869,3.0,-1.2322148437500002,-13.395132812500021,3.0,-0.9020117187500011,-12.898976562500014,0.06451612903225806,0.06451612903225806
908,625,0.08627920910724984,0.03235470341521869,2.0,-0.6388359375000002,-13.67340625000002,3.0,-0.9020117187500011,-12.898976562500014,0.10599078341013825,0.06451612903225806
909,557,0.035350509286998205,0.03235470341521869,3.0,-1.3555898437500002,-13.436742187500021,3.0,-0.9020117187500011,-12.898976562500014,0.06451612903225806,0.06451612903225806
910,847,0.08747753145596165,0.03235470341521869,2.0,-0.6267500000000001,-13.73245312500002,3.0,-0.9020117187500011,-12.898976562500014,0.10599078341013825,0.06451612903225806
911,996,0.035350509286998205,0.03235470341521869,3.0,-1.3839492187500002,-13.532070312500021,3.0,-0.9020117187500011,-12.898976562500014,0.06451612903225806,0.06451612903225806
912,847,0.08747753145596165,0.03235470341521869,2.0,-0.6551093750000001,-13.827781250000022,3.0,-0.9020117187500011,-12.898976562500014,0.10599078341013825,0.06451612903225806
913,127,0.033553025763930495,0.03235470341521869,3.0,-1.3439218750000002,-13.629921875000022,3.0,-0.9020117187500011,-12.898976562500014,0.06451612903225806,0.06451612903225806
914,1599,0.09466746554823248,0.03235470341521869,2.0,-0.5923632812500002,-13.903335937500023,3.0,-0.9020117187500011,-12.898976562500014,0.10829493087557604,0.06451612903225806
915,1461,0.0329538645895746,0.03235470341521869,3.0,-1.2869296875000003,-13.713390625000022,3.0,-0.9020117187500011,-12.898976562500014,0.06451612903225806,0.06451612903225806
916,642,0.09646494907130018,0.03235470341521869,2.0,-0.5969531250000003,-13.983390625000022,3.0,-0.9020117187500011,-12.898976562500014,0.10829493087557604,0.06451612903225806
917,1013,0.033553025763930495,0.03235470341521869,3.0,-1.3772304687500003,-13.762054687500022,3.0,-0.9020117187500011,-12.898976562500014,0.06451612903225806,0.06451612903225806
918,351,0.12762133013780708,0.03235470341521869,4.0,-2.0844492187500006,-13.401023437500022,3.0,-0.9020117187500011,-12.898976562500014,0.12903225806451613,0.06451612903225806
919,1020,0.0341521869382864,0.03235470341521869,3.0,-1.4209257812500005,-13.733070312500022,3.0,-0.9020117187500011,-12.898976562500014,0.06451612903225806,0.06451612903225806
920,1510,0.09466746554823248,0.03235470341521869,2.0,-0.6189257812500005,-13.974289062500022,3.0,-0.9020117187500011,-12.898976562500014,0.10599078341013825,0.06451612903225806
921,1567,0.033553025763930495,0.03235470341521869,3.0,-1.3645273437500005,-13.708882812500022,3.0,-0.9020117187500011,-12.898976562500014,0.06451612903225806,0.06451612903225806
922,1559,0.09466746554823248,0.03235470341521869,2.0,-0.6046328125000004,-13.934765625000022,3.0,-0.9020117187500011,-12.898976562500014,0.10829493087557604,0.06451612903225806
923,122,0.0329538645895746,0.03235470341521869,3.0,-1.2113281250000005,-13.642750000000023,3.0,-0.9020117187500011,-12.898976562500014,0.06451612903225806,0.06451612903225806
924,89,0.1060515278609946,0.03235470341521869,2.0,-0.49853125000000054,-13.908625000000022,3.0,-0.9020117187500011,-12.898976562500014,0.11059907834101383,0.06451612903225806
925,1333,0.035350509286998205,0.03235470341521869,3.0,-0.8674492187500005,-13.689179687500022,3.0,-0.9020117187500011,-12.898976562500014,0.06912442396313365,0.06451612903225806
926,405,0.09466746554823248,0.03235470341521869,4.0,-1.4223320312500005,-13.420539062500023,3.0,-0.9020117187500011,-12.898976562500014,0.10829493087557604,0.06451612903225806
927,340,0.03714799281006591,0.03235470341521869,3.0,-0.8327421875000005,-13.734281250000024,3.0,-0.9020117187500011,-12.898976562500014,0.06682027649769585,0.06451612903225806
928,1130,0.08867585380467345,0.03235470341521869,4.0,-1.2546328125000006,-13.369375000000023,3.0,-0.9020117187500011,-12.898976562500014,0.10138248847926268,0.06451612903225806
929,91,0.03654883163571001,0.03235470341521869,3.0,-0.6421406250000006,-13.606593750000023,3.0,-0.9020117187500011,-12.898976562500014,0.06451612903225806,0.06451612903225806
930,1435,0.08508088675853805,0.03235470341521869,4.0,-1.1015390625000006,-13.320937500000023,3.0,-0.9020117187500011,-12.898976562500014,0.09216589861751152,0.06451612903225806
931,351,0.21869382863990414,0.03235470341521869,5.0,-1.8087578125000006,-12.959906250000023,3.0,-0.9020117187500011,-12.898976562500014,0.24423963133640553,0.06451612903225806
932,1001,0.08807669263031756,0.03235470341521869,4.0,-1.2173789062500004,-13.356273437500022,3.0,-0.9020117187500011,-12.898976562500014,0.09907834101382489,0.06451612903225806
933,1110,0.0347513481126423,0.03235470341521869,3.0,-0.5726757812500004,-13.682867187500023,3.0,-0.9020117187500011,-12.898976562500014,0.06682027649769585,0.06451612903225806
934,351,0.09107249850209706,0.03235470341521869,4.0,-1.2798945312500005,-13.321835937500023,3.0,-0.9020117187500011,-12.898976562500014,0.10368663594470046,0.06451612903225806
935,832,0.035350509286998205,0.03235470341521869,3.0,-0.6183906250000004,-13.629640625000022,3.0,-0.9020117187500011,-12.898976562500014,0.06451612903225806,0.06451612903225806
936,169,0.16476932294787297,0.03235470341521869,2.0,0.1536054687499997,-13.837117187500022,3.0,-0.9020117187500011,-12.898976562500014,0.15207373271889402,0.06451612903225806
937,1628,0.0341521869382864,0.03235470341521869,3.0,-0.5726835937500003,-13.658023437500022,3.0,-0.9020117187500011,-12.898976562500014,0.06682027649769585,0.06451612903225806
938,810,0.09167165967645297,0.03235470341521869,4.0,-1.3319609375000003,-13.388890625000021,3.0,-0.9020117187500011,-12.898976562500014,0.10138248847926268,0.06451612903225806
939,261,0.03654883163571001,0.03235470341521869,3.0,-0.6932578125000004,-13.700421875000021,3.0,-0.9020117187500011,-12.898976562500014,0.06451612903225806,0.06451612903225806
940,1457,0.09047333732774117,0.03235470341521869,4.0,-1.3282773437500004,-13.409789062500021,3.0,-0.9020117187500011,-12.898976562500014,0.09907834101382489,0.06451612903225806
941,1209,0.03654883163571001,0.03235470341521869,3.0,-0.7017656250000004,-13.70375000000002,3.0,-0.9020117187500011,-12.898976562500014,0.06451612903225806,0.06451612903225806
942,407,0.09466746554823248,0.03235470341521869,4.0,-1.3774218750000005,-13.33206250000002,3.0,-0.9020117187500011,-12.898976562500014,0.11059907834101383,0.06451612903225806
943,727,0.035350509286998205,0.03235470341521869,3.0,-0.8772773437500004,-13.68025781250002,3.0,-0.9020117187500011,-12.898976562500014,0.06912442396313365,0.06451612903225806
944,122,0.09706411024565609,0.03235470341521869,4.0,-1.4839726562500004,-13.38824218750002,3.0,-0.9020117187500011,-12.898976562500014,0.11059907834101383,0.06451612903225806
945,982,0.03714799281006591,0.03235470341521869,3.0,-0.8246914062500004,-13.711445312500022,3.0,-0.9020117187500011,-12.898976562500014,0.06682027649769585,0.06451612903225806
946,948,0.09586578789694428,0.03235470341521869,4.0,-1.4565234375000005,-13.397984375000021,3.0,-0.9020117187500011,-12.898976562500014,0.11059907834101383,0.06451612903225806
947,89,0.037747153984421807,0.03235470341521869,3.0,-0.7437265625000005,-13.66385937500002,3.0,-0.9020117187500011,-12.898976562500014,0.06451612903225806,0.06451612903225806
948,405,0.08927501497902936,0.03235470341521869,4.0,-1.2986093750000005,-13.395218750000021,3.0,-0.9020117187500011,-12.898976562500014,0.10138248847926268,0.06451612903225806
949,869,0.0341521869382864,0.03235470341521869,3.0,-0.5897109375000005,-13.706875000000021,3.0,-0.9020117187500011,-12.898976562500014,0.06682027649769585,0.06451612903225806
950,112,0.09167165967645297,0.03235470341521869,4.0,-1.3681250000000005,-13.443937500000022,3.0,-0.9020117187500011,-12.898976562500014,0.10138248847926268,0.06451612903225806
951,1209,0.03654883163571001,0.03235470341521869,3.0,-0.7416132812500005,-13.737898437500021,3.0,-0.9020117187500011,-12.898976562500014,0.06451612903225806,0.06451612903225806
952,1430,0.08987417615338526,0.03235470341521869,4.0,-1.3570117187500006,-13.47471093750002,3.0,-0.9020117187500011,-12.898976562500014,0.10138248847926268,0.06451612903225806
953,1145,0.03654883163571001,0.03235470341521869,3.0,-0.7236640625000006,-13.82485937500002,3.0,-0.9020117187500011,-12.898976562500014,0.06451612903225806,0.06451612903225806
954,1465,0.09526662672258837,0.03235470341521869,4.0,-1.5153359375000006,-13.54948437500002,3.0,-0.9020117187500011,-12.898976562500014,0.11059907834101383,0.06451612903225806
955,1375,0.03654883163571001,0.03235470341521869,3.0,-0.7504179687500006,-13.79783593750002,3.0,-0.9020117187500011,-12.898976562500014,0.06451612903225806,0.06451612903225806
956,691,0.09286998202516476,0.03235470341521869,4.0,-1.3810664062500004,-13.42796093750002,3.0,-0.9020117187500011,-12.898976562500014,0.10368663594470046,0.06451612903225806
957,868,0.03654883163571001,0.03235470341521869,3.0,-0.6646250000000005,-13.72417187500002,3.0,-0.9020117187500011,-12.898976562500014,0.06451612903225806,0.06451612903225806
958,473,0.08747753145596165,0.03235470341521869,4.0,-1.2708320312500005,-13.43666406250002,3.0,-0.9020117187500011,-12.898976562500014,0.09907834101382489,0.06451612903225806
959,340,0.03654883163571001,0.03235470341521869,3.0,-0.6812421875000005,-13.750406250000019,3.0,-0.9020117187500011,-12.898976562500014,0.06451612903225806,0.06451612903225806
960,466,0.09526662672258837,0.03235470341521869,4.0,-1.4681171875000005,-13.459156250000019,3.0,-0.9020117187500011,-12.898976562500014,0.11059907834101383,0.06451612903225806
961,1177,0.03714799281006591,0.03235470341521869,3.0,-0.8044960937500005,-13.806398437500018,3.0,-0.9020117187500011,-12.898976562500014,0.06682027649769585,0.06451612903225806
962,549,0.09466746554823248,0.03235470341521869,4.0,-1.4396679687500007,-13.447398437500018,3.0,-0.9020117187500011,-12.898976562500014,0.10829493087557604,0.06451612903225806
963,1663,0.22288795686039545,0.03235470341521869,5.0,-2.065429687500001,-13.079171875000018,3.0,-0.9020117187500011,-12.898976562500014,0.2488479262672811,0.06451612903225806
964,964,0.09766327142001198,0.03235470341521869,4.0,-1.5592382812500007,-13.443992187500019,3.0,-0.9020117187500011,-12.898976562500014,0.11059907834101383,0.06451612903225806
965,1116,0.03714799281006591,0.03235470341521869,3.0,-0.8635820312500008,-13.798882812500018,3.0,-0.9020117187500011,-12.898976562500014,0.06682027649769585,0.06451612903225806
966,838,0.1324146195326543,0.03235470341521869,2.0,-0.1823437500000008,-14.056062500000019,3.0,-0.9020117187500011,-12.898976562500014,0.12903225806451613,0.06451612903225806
967,1382,0.035350509286998205,0.03235470341521869,3.0,-0.9127539062500009,-13.787007812500018,3.0,-0.9020117187500011,-12.898976562500014,0.06682027649769585,0.06451612903225806
968,530,0.09706411024565609,0.03235470341521869,4.0,-1.472253906250001,-13.350257812500018,3.0,-0.9020117187500011,-12.898976562500014,0.11059907834101383,0.06451612903225806
969,1069,0.035350509286998205,0.03235470341521869,3.0,-0.930414062500001,-13.699890625000018,3.0,-0.9020117187500011,-12.898976562500014,0.06451612903225806,0.06451612903225806
970,1115,0.12462552426602756,0.03235470341521869,2.0,-0.292671875000001,-13.936765625000017,3.0,-0.9020117187500011,-12.898976562500014,0.12672811059907835,0.06451612903225806
971,1465,0.0347513481126423,0.03235470341521869,3.0,-1.084343750000001,-13.661390625000017,3.0,-0.9020117187500011,-12.898976562500014,0.059907834101382486,0.06451612903225806
972,1132,0.09227082085080887,0.03235470341521869,2.0,-0.617332031250001,-13.913320312500018,3.0,-0.9020117187500011,-12.898976562500014,0.10599078341013825,0.06451612903225806
973,1041,0.0341521869382864,0.03235470341521869,3.0,-1.195199218750001,-13.687945312500018,3.0,-0.9020117187500011,-12.898976562500014,0.06221198156682028,0.06451612903225806
974,838,0.10545236668663871,0.03235470341521869,2.0,-0.5139609375000009,-13.945125000000019,3.0,-0.9020117187500011,-12.898976562500014,0.11059907834101383,0.06451612903225806
975,117,0.0347513481126423,0.03235470341521869,3.0,-1.169957031250001,-13.66746093750002,3.0,-0.9020117187500011,-12.898976562500014,0.06221198156682028,0.06451612903225806
976,549,0.11384062312762133,0.03235470341521869,4.0,-1.805128906250001,-13.30846093750002,3.0,-0.9020117187500011,-12.898976562500014,0.11981566820276497,0.06451612903225806
977,656,0.03235470341521869,0.03235470341521869,3.0,-1.2495937500000012,-13.641500000000018,3.0,-0.9020117187500011,-12.898976562500014,0.06451612903225806,0.06451612903225806
978,1106,0.1060515278609946,0.03235470341521869,2.0,-0.48540234375000113,-13.853632812500019,3.0,-0.9020117187500011,-12.898976562500014,0.11059907834101383,0.06451612903225806
979,501,0.033553025763930495,0.03235470341521869,3.0,-1.298957031250001,-13.665492187500018,3.0,-0.9020117187500011,-12.898976562500014,0.06682027649769585,0.06451612903225806
980,948,0.11983223487118035,0.03235470341521869,4.0,-1.930789062500001,-13.352031250000017,3.0,-0.9020117187500011,-12.898976562500014,0.12442396313364056,0.06451612903225806
981,883,0.033553025763930495,0.03235470341521869,3.0,-1.331390625000001,-13.641937500000017,3.0,-0.9020117187500011,-12.898976562500014,0.06451612903225806,0.06451612903225806
982,530,0.12282804074295986,0.03235470341521869,4.0,-1.890890625000001,-13.205187500000017,3.0,-0.9020117187500011,-12.898976562500014,0.12442396313364056,0.06451612903225806
983,883,0.033553025763930495,0.03235470341521869,3.0,-1.2914921875000012,-13.495093750000017,3.0,-0.9020117187500011,-12.898976562500014,0.06451612903225806,0.06451612903225806
984,511,0.09107249850209706,0.03235470341521869,2.0,-0.587921875000001,-13.765156250000016,3.0,-0.9020117187500011,-12.898976562500014,0.10599078341013825,0.06451612903225806
985,396,0.0329538645895746,0.03235470341521869,3.0,-1.248941406250001,-13.574054687500016,3.0,-0.9020117187500011,-12.898976562500014,0.06682027649769585,0.06451612903225806
986,848,0.10185739964050329,0.03235470341521869,2.0,-0.5224296875000012,-13.859781250000017,3.0,-0.9020117187500011,-12.898976562500014,0.11059907834101383,0.06451612903225806
987,1664,0.0341521869382864,0.03235470341521869,3.0,-1.1955820312500012,-13.685679687500016,3.0,-0.9020117187500011,-12.898976562500014,0.06221198156682028,0.06451612903225806
988,1002,0.10665068903535051,0.03235470341521869,2.0,-0.4850507812500011,-13.943585937500016,3.0,-0.9020117187500011,-12.898976562500014,0.11059907834101383,0.06451612903225806
989,1075,0.035350509286998205,0.03235470341521869,3.0,-1.159453125000001,-13.765109375000016,3.0,-0.9020117187500011,-12.898976562500014,0.059907834101382486,0.06451612903225806
990,1114,0.1060515278609946,0.03235470341521869,2.0,-0.5028281250000011,-13.930515625000016,3.0,-0.9020117187500011,-12.898976562500014,0.11059907834101383,0.06451612903225806
991,1485,0.0341521869382864,0.03235470341521869,3.0,-1.1018906250000011,-13.512750000000016,3.0,-0.9020117187500011,-12.898976562500014,0.06451612903225806,0.06451612903225806
992,530,0.11503894547633313,0.03235470341521869,4.0,-1.6613906250000012,-13.076000000000016,3.0,-0.9020117187500011,-12.898976562500014,0.12211981566820276,0.06451612903225806
993,832,0.035350509286998205,0.03235470341521869,3.0,-0.9998867187500011,-13.383804687500017,3.0,-0.9020117187500011,-12.898976562500014,0.06221198156682028,0.06451612903225806
994,948,0.11384062312762133,0.03235470341521869,4.0,-1.631718750000001,-13.070343750000017,3.0,-0.9020117187500011,-12.898976562500014,0.11981566820276497,0.06451612903225806
995,979,0.035350509286998205,0.03235470341521869,3.0,-0.9500468750000011,-13.436812500000016,3.0,-0.9020117187500011,-12.898976562500014,0.06451612903225806,0.06451612903225806
996,1663,0.11204313960455363,0.03235470341521869,4.0,-1.575808593750001,-13.068585937500016,3.0,-0.9020117187500011,-12.898976562500014,0.11981566820276497,0.06451612903225806
997,325,0.035350509286998205,0.03235470341521869,3.0,-0.915164062500001,-13.392171875000017,3.0,-0.9020117187500011,-12.898976562500014,0.06451612903225806,0.06451612903225806
998,722,0.11084481725584182,0.03235470341521869,4.0,-1.5481601562500011,-13.073601562500016,3.0,-0.9020117187500011,-12.898976562500014,0.11981566820276497,0.06451612903225806
999,416,0.0347513481126423,0.03235470341521869,3.0,-0.9531015625000011,-13.348109375000016,3.0,-0.9020117187500011,-12.898976562500014,0.06221198156682028,0.06451612903225806
1000,1485,0.11443978430197724,0.03235470341521869,4.0,-1.552164062500001,-12.930343750000016,3.0,-0.9020117187500011,-12.898976562500014,0.11981566820276497,0.06451612903225806
1001,964,0.033553025763930495,0.03235470341521869,3.0,-1.045972656250001,-13.295164062500017,3.0,-0.9020117187500011,-12.898976562500014,0.06451612903225806,0.06451612903225806
1002,117,0.11923307369682444,0.03235470341521869,4.0,-1.701968750000001,-13.017500000000018,3.0,-0.9020117187500011,-12.898976562500014,0.12442396313364056,0.06451612903225806
1003,296,0.0329538645895746,0.03235470341521869,3.0,-1.088523437500001,-13.375750000000018,3.0,-0.9020117187500011,-12.898976562500014,0.06451612903225806,0.06451612903225806
1004,1559,0.11443978430197724,0.03235470341521869,2.0,-0.32862890625000096,-13.601632812500018,3.0,-0.9020117187500011,-12.898976562500014,0.1175115207373272,0.06451612903225806
1005,702,0.0329538645895746,0.03235470341521869,3.0,-1.1441210937500008,-13.358695312500018,3.0,-0.9020117187500011,-12.898976562500014,0.06451612903225806,0.06451612903225806
1006,1599,0.10724985020970641,0.03235470341521869,2.0,-0.3925625000000008,-13.632109375000018,3.0,-0.9020117187500011,-12.898976562500014,0.11059907834101383,0.06451612903225806
1007,180,0.035350509286998205,0.03235470341521869,3.0,-1.0268984375000008,-13.400687500000018,3.0,-0.9020117187500011,-12.898976562500014,0.06451612903225806,0.06451612903225806
1008,466,0.12222887956860395,0.03235470341521869,4.0,-1.8137734375000008,-13.109437500000018,3.0,-0.9020117187500011,-12.898976562500014,0.12442396313364056,0.06451612903225806
1009,942,0.0329538645895746,0.03235470341521869,3.0,-1.1253750000000007,-13.453640625000018,3.0,-0.9020117187500011,-12.898976562500014,0.06451612903225806,0.06451612903225806
1010,6,0.12402636309167166,0.03235470341521869,4.0,-1.8412890625000007,-13.106171875000019,3.0,-0.9020117187500011,-12.898976562500014,0.12672811059907835,0.06451612903225806
1011,740,0.03894547633313361,0.03235470341521869,3.0,-1.3686757812500008,-13.34585156250002,3.0,-0.9020117187500011,-12.898976562500014,0.06912442396313365,0.06451612903225806
1012,806,0.07968843618933494,0.03235470341521869,2.0,-0.7536171875000008,-13.59389062500002,3.0,-0.9020117187500011,-12.898976562500014,0.09907834101382489,0.06451612903225806
1013,403,0.033553025763930495,0.03235470341521869,3.0,-1.2423046875000008,-13.37415625000002,3.0,-0.9020117187500011,-12.898976562500014,0.06451612903225806,0.06451612903225806
1014,407,0.1324146195326543,0.03235470341521869,4.0,-1.9179609375000009,-13.00246875000002,3.0,-0.9020117187500011,-12.898976562500014,0.1336405529953917,0.06451612903225806
1015,1521,0.033553025763930495,0.03235470341521869,3.0,-1.2137812500000007,-13.34026562500002,3.0,-0.9020117187500011,-12.898976562500014,0.06451612903225806,0.06451612903225806
1016,1613,0.07968843618933494,0.03235470341521869,2.0,-0.7181562500000007,-13.586546875000021,3.0,-0.9020117187500011,-12.898976562500014,0.09907834101382489,0.06451612903225806
1017,776,0.03834631515877771,0.03235470341521869,3.0,-1.4503906250000007,-13.374171875000021,3.0,-0.9020117187500011,-12.898976562500014,0.06682027649769585,0.06451612903225806
1018,1554,0.07189934092270821,0.03235470341521869,2.0,-0.8680937500000007,-13.563000000000022,3.0,-0.9020117187500011,-12.898976562500014,0.0944700460829493,0.06451612903225806
1019,724,0.03894547633313361,0.03235470341521869,3.0,-1.4528554687500006,-13.349710937500022,3.0,-0.9020117187500011,-12.898976562500014,0.06912442396313365,0.06451612903225806
1020,1609,0.11983223487118035,0.03235470341521869,4.0,-1.7497109375000006,-13.053796875000023,3.0,-0.9020117187500011,-12.898976562500014,0.12442396313364056,0.06451612903225806
1021,70,0.033553025763930495,0.03235470341521869,3.0,-1.1913554687500008,-13.378882812500024,3.0,-0.9020117187500011,-12.898976562500014,0.06682027649769585,0.06451612903225806
1022,948,0.12402636309167166,0.03235470341521869,4.0,-1.8231875000000008,-13.065421875000023,3.0,-0.9020117187500011,-12.898976562500014,0.12672811059907835,0.06451612903225806
1023,70,0.033553025763930495,0.03235470341521869,3.0,-1.264832031250001,-13.390507812500024,3.0,-0.9020117187500011,-12.898976562500014,0.06451612903225806,0.06451612903225806
1024,806,0.08388256440982625,0.03235470341521869,2.0,-0.649773437500001,-13.638546875000024,3.0,-0.9020117187500011,-12.898976562500014,0.10368663594470046,0.06451612903225806
1025,1485,0.035350509286998205,0.03235470341521869,3.0,-1.248835937500001,-13.220781250000025,3.0,-0.9020117187500011,-12.898976562500014,0.06451612903225806,0.06451612903225806
1026,1457,0.1348112642300779,0.03235470341521869,4.0,-1.883855468750001,-12.930148437500025,3.0,-0.9020117187500011,-12.898976562500014,0.1359447004608295,0.06451612903225806
1027,355,0.035350509286998205,0.03235470341521869,3.0,-1.303050781250001,-13.294960937500024,3.0,-0.9020117187500011,-12.898976562500014,0.06451612903225806,0.06451612903225806
1028,1106,0.09047333732774117,0.03235470341521869,2.0,-0.5388593750000009,-13.507093750000024,3.0,-0.9020117187500011,-12.898976562500014,0.10599078341013825,0.06451612903225806
1029,343,0.03894547633313361,0.03235470341521869,3.0,-1.3377968750000009,-13.289593750000025,3.0,-0.9020117187500011,-12.898976562500014,0.06912442396313365,0.06451612903225806
1030,491,0.07189934092270821,0.03235470341521869,2.0,-0.8393671875000009,-13.430000000000025,3.0,-0.9020117187500011,-12.898976562500014,0.0944700460829493,0.06451612903225806
1031,613,0.04913121629718394,0.03235470341521869,3.0,-1.649113281250001,-13.203101562500025,3.0,-0.9020117187500011,-12.898976562500014,0.07142857142857142,0.06451612903225806
1032,1559,0.0683043738765728,0.03235470341521869,2.0,-0.8892187500000008,-13.428984375000026,3.0,-0.9020117187500011,-12.898976562500014,0.0944700460829493,0.06451612903225806
1033,1135,0.048532055122828044,0.03235470341521869,3.0,-1.6472734375000009,-13.219625000000025,3.0,-0.9020117187500011,-12.898976562500014,0.07373271889400922,0.06451612903225806
1034,794,0.0701018573996405,0.03235470341521869,2.0,-0.9031171875000008,-13.530437500000026,3.0,-0.9020117187500011,-12.898976562500014,0.0944700460829493,0.06451612903225806
1035,379,0.04493708807669263,0.03235470341521869,3.0,-1.5946992187500006,-13.260085937500026,3.0,-0.9020117187500011,-12.898976562500014,0.07373271889400922,0.06451612903225806
1036,1209,0.0665068903535051,0.03235470341521869,2.0,-0.9681875000000006,-13.554046875000026,3.0,-0.9020117187500011,-12.898976562500014,0.0944700460829493,0.06451612903225806
1037,872,0.050928699820251645,0.03235470341521869,3.0,-1.7500000000000007,-13.348953125000026,3.0,-0.9020117187500011,-12.898976562500014,0.06912442396313365,0.06451612903225806
1038,840,0.06411024565608149,0.03235470341521869,2.0,-1.0173906250000007,-13.648203125000027,3.0,-0.9020117187500011,-12.898976562500014,0.09216589861751152,0.06451612903225806
1039,1114,0.33073696824445775,0.03235470341521869,1.0,-0.36076562500000064,-13.813609375000027,3.0,-0.9020117187500011,-12.898976562500014,0.315668202764977,0.06451612903225806
1040,327,0.06051527860994608,0.03235470341521869,2.0,-1.0944843750000006,-13.696375000000026,3.0,-0.9020117187500011,-12.898976562500014,0.08755760368663594,0.06451612903225806
1041,1490,0.05572198921509886,0.03235470341521869,3.0,-1.9135937500000006,-13.427203125000027,3.0,-0.9020117187500011,-12.898976562500014,0.06682027649769585,0.06451612903225806
1042,598,0.05152786099460755,0.03235470341521869,2.0,-1.2778476562500005,-13.725804687500027,3.0,-0.9020117187500011,-12.898976562500014,0.08294930875576037,0.06451612903225806
1043,702,0.05811863391252247,0.03235470341521869,3.0,-2.0933398437500004,-13.482867187500027,3.0,-0.9020117187500011,-12.898976562500014,0.07142857142857142,0.06451612903225806
1044,947,0.04973037747153984,0.03235470341521869,2.0,-1.3796054687500003,-13.733679687500027,3.0,-0.9020117187500011,-12.898976562500014,0.07834101382488479,0.06451612903225806
1045,272,0.05632115038945476,0.03235470341521869,3.0,-2.0383515625000004,-13.486812500000028,3.0,-0.9020117187500011,-12.898976562500014,0.06912442396313365,0.06451612903225806
1046,315,0.050928699820251645,0.03235470341521869,2.0,-1.3589765625000005,-13.779062500000027,3.0,-0.9020117187500011,-12.898976562500014,0.08064516129032258,0.06451612903225806
1047,691,0.05632115038945476,0.03235470341521869,3.0,-1.9896250000000006,-13.409187500000026,3.0,-0.9020117187500011,-12.898976562500014,0.06912442396313365,0.06451612903225806
1048,83,0.05512282804074296,0.03235470341521869,2.0,-1.1898593750000006,-13.568421875000027,3.0,-0.9020117187500011,-12.898976562500014,0.08525345622119816,0.06451612903225806
1049,920,0.05572198921509886,0.03235470341521869,3.0,-1.9337968750000005,-13.354546875000027,3.0,-0.9020117187500011,-12.898976562500014,0.06912442396313365,0.06451612903225806
1050,794,0.05512282804074296,0.03235470341521869,2.0,-1.1896406250000005,-13.665359375000028,3.0,-0.9020117187500011,-12.898976562500014,0.08755760368663594,0.06451612903225806
1051,405,0.04973037747153984,0.03235470341521869,3.0,-1.7445234375000005,-13.396718750000028,3.0,-0.9020117187500011,-12.898976562500014,0.07142857142857142,0.06451612903225806
1052,1209,0.059316956261234274,0.03235470341521869,2.0,-1.1180117187500005,-13.690679687500028,3.0,-0.9020117187500011,-12.898976562500014,0.08755760368663594,0.06451612903225806
1053,473,0.04793289394847214,0.03235470341521869,3.0,-1.7242187500000006,-13.403171875000028,3.0,-0.9020117187500011,-12.898976562500014,0.07373271889400922,0.06451612903225806
1054,948,0.15158777711204313,0.03235470341521869,4.0,-2.3560507812500004,-13.089710937500028,3.0,-0.9020117187500011,-12.898976562500014,0.15898617511520738,0.06451612903225806
1055,354,0.05152786099460755,0.03235470341521869,3.0,-1.8091484375000004,-13.447515625000028,3.0,-0.9020117187500011,-12.898976562500014,0.06912442396313365,0.06451612903225806
1056,625,0.05512282804074296,0.03235470341521869,2.0,-1.2157695312500003,-13.725789062500027,3.0,-0.9020117187500011,-12.898976562500014,0.08755760368663594,0.06451612903225806
1057,1013,0.05572198921509886,0.03235470341521869,3.0,-1.9960468750000002,-13.504453125000028,3.0,-0.9020117187500011,-12.898976562500014,0.06912442396313365,0.06451612903225806
1058,1143,0.04913121629718394,0.03235470341521869,2.0,-1.4590351562500001,-13.784695312500029,3.0,-0.9020117187500011,-12.898976562500014,0.07834101382488479,0.06451612903225806
1059,1114,0.2408627920910725,0.03235470341521869,1.0,-0.8024101562500001,-13.950101562500029,3.0,-0.9020117187500011,-12.898976562500014,0.26036866359447003,0.06451612903225806
1060,780,0.05032953864589575,0.03235470341521869,2.0,-1.37594140625,-13.802054687500029,3.0,-0.9020117187500011,-12.898976562500014,0.08064516129032258,0.06451612903225806
1061,407,0.057519472738166565,0.03235470341521869,3.0,-2.0515976562500002,-13.430367187500028,3.0,-0.9020117187500011,-12.898976562500014,0.07142857142857142,0.06451612903225806
1062,1663,0.1671659676452966,0.03235470341521869,4.0,-2.677359375,-13.062140625000028,3.0,-0.9020117187500011,-12.898976562500014,0.18663594470046083,0.06451612903225806
1063,1501,0.05991611743559017,0.03235470341521869,3.0,-2.16122265625,-13.446710937500027,3.0,-0.9020117187500011,-12.898976562500014,0.07373271889400922,0.06451612903225806
1064,1251,0.04373876572798083,0.03235470341521869,2.0,-1.61010546875,-13.740414062500028,3.0,-0.9020117187500011,-12.898976562500014,0.07603686635944701,0.06451612903225806
1065,430,0.05871779508687837,0.03235470341521869,3.0,-2.1765546875,-13.501984375000028,3.0,-0.9020117187500011,-12.898976562500014,0.07373271889400922,0.06451612903225806
1066,1422,0.04973037747153984,0.03235470341521869,2.0,-1.4186718749999998,-13.766890625000027,3.0,-0.9020117187500011,-12.898976562500014,0.07834101382488479,0.06451612903225806
1067,834,0.057519472738166565,0.03235470341521869,3.0,-2.0725625,-13.497093750000026,3.0,-0.9020117187500011,-12.898976562500014,0.07142857142857142,0.06451612903225806
1068,525,0.16536848412222888,0.03235470341521869,4.0,-2.71828125,-13.138421875000025,3.0,-0.9020117187500011,-12.898976562500014,0.18663594470046083,0.06451612903225806
1069,1238,0.05811863391252247,0.03235470341521869,3.0,-2.10930859375,-13.511226562500026,3.0,-0.9020117187500011,-12.898976562500014,0.07142857142857142,0.06451612903225806
1070,325,0.04973037747153984,0.03235470341521869,2.0,-1.4486640624999998,-13.834812500000027,3.0,-0.9020117187500011,-12.898976562500014,0.07834101382488479,0.06451612903225806
1071,834,0.056920311563810666,0.03235470341521869,3.0,-2.1025546874999996,-13.565015625000026,3.0,-0.9020117187500011,-12.898976562500014,0.07142857142857142,0.06451612903225806
1072,417,0.04793289394847214,0.03235470341521869,2.0,-1.5216718749999996,-13.864468750000025,3.0,-0.9020117187500011,-12.898976562500014,0.07834101382488479,0.06451612903225806
1073,122,0.057519472738166565,0.03235470341521869,3.0,-2.1283671874999994,-13.572453125000026,3.0,-0.9020117187500011,-12.898976562500014,0.07142857142857142,0.06451612903225806
1074,806,0.04793289394847214,0.03235470341521869,2.0,-1.5133085937499995,-13.820492187500026,3.0,-0.9020117187500011,-12.898976562500014,0.07834101382488479,0.06451612903225806
1075,606,0.061713600958657876,0.03235470341521869,3.0,-2.2534414062499994,-13.575789062500027,3.0,-0.9020117187500011,-12.898976562500014,0.07373271889400922,0.06451612903225806
1076,868,0.04793289394847214,0.03235470341521869,2.0,-1.5369999999999995,-13.872000000000027,3.0,-0.9020117187500011,-12.898976562500014,0.07834101382488479,0.06451612903225806
1077,6,0.06231276213301378,0.03235470341521869,3.0,-2.2529140624999995,-13.524531250000027,3.0,-0.9020117187500011,-12.898976562500014,0.07373271889400922,0.06451612903225806
1078,416,0.04373876572798083,0.03235470341521869,2.0,-1.6578554687499993,-13.799039062500027,3.0,-0.9020117187500011,-12.898976562500014,0.07373271889400922,0.06451612903225806
1079,122,0.06411024565608149,0.03235470341521869,3.0,-2.264550781249999,-13.507023437500028,3.0,-0.9020117187500011,-12.898976562500014,0.07603686635944701,0.06451612903225806
1080,1375,0.04793289394847214,0.03235470341521869,2.0,-1.4996328124999991,-13.755375000000027,3.0,-0.9020117187500011,-12.898976562500014,0.07834101382488479,0.06451612903225806
1081,112,0.06530856800479329,0.03235470341521869,3.0,-2.2780468749999994,-13.492437500000028,3.0,-0.9020117187500011,-12.898976562500014,0.07834101382488479,0.06451612903225806
1082,1480,0.04254044337926902,0.03235470341521869,2.0,-1.7309179687499994,-13.788804687500027,3.0,-0.9020117187500011,-12.898976562500014,0.07373271889400922,0.06451612903225806
1083,379,0.07070101857399641,0.03235470341521869,3.0,-2.4224999999999994,-13.518453125000027,3.0,-0.9020117187500011,-12.898976562500014,0.07603686635944701,0.06451612903225806
1084,642,0.04254044337926902,0.03235470341521869,2.0,-1.7325234374999994,-13.788453125000027,3.0,-0.9020117187500011,-12.898976562500014,0.07373271889400922,0.06451612903225806
1085,462,0.0695026962252846,0.03235470341521869,3.0,-2.3618749999999995,-13.506843750000026,3.0,-0.9020117187500011,-12.898976562500014,0.07373271889400922,0.06451612903225806
1086,869,0.04313960455362492,0.03235470341521869,2.0,-1.6529765624999995,-13.818500000000027,3.0,-0.9020117187500011,-12.898976562500014,0.07373271889400922,0.06451612903225806
1087,473,0.06291192330736968,0.03235470341521869,3.0,-2.2591835937499996,-13.530992187500027,3.0,-0.9020117187500011,-12.898976562500014,0.07603686635944701,0.06451612903225806
1088,1020,0.046135410425404436,0.03235470341521869,2.0,-1.5956601562499995,-13.863039062500027,3.0,-0.9020117187500011,-12.898976562500014,0.07834101382488479,0.06451612903225806
1089,525,0.06231276213301378,0.03235470341521869,3.0,-2.2413789062499996,-13.504367187500026,3.0,-0.9020117187500011,-12.898976562500014,0.07603686635944701,0.06451612903225806
1090,1191,0.04313960455362492,0.03235470341521869,2.0,-1.6741835937499996,-13.803898437500026,3.0,-0.9020117187500011,-12.898976562500014,0.07373271889400922,0.06451612903225806
1091,1663,0.0683043738765728,0.03235470341521869,3.0,-2.2999453124999993,-13.435671875000025,3.0,-0.9020117187500011,-12.898976562500014,0.07373271889400922,0.06451612903225806
1092,313,0.04493708807669263,0.03235470341521869,2.0,-1.5944882812499994,-13.751320312500026,3.0,-0.9020117187500011,-12.898976562500014,0.07834101382488479,0.06451612903225806
1093,207,0.05811863391252247,0.03235470341521869,3.0,-2.115234374999999,-13.446953125000025,3.0,-0.9020117187500011,-12.898976562500014,0.07373271889400922,0.06451612903225806
1094,549,0.1701617735170761,0.03235470341521869,4.0,-2.7504062499999993,-13.087953125000025,3.0,-0.9020117187500011,-12.898976562500014,0.18663594470046083,0.06451612903225806
1095,313,0.05811863391252247,0.03235470341521869,3.0,-2.0449492187499994,-13.403601562500025,3.0,-0.9020117187500011,-12.898976562500014,0.07142857142857142,0.06451612903225806
1096,1160,0.05152786099460755,0.03235470341521869,2.0,-1.3192578124999994,-13.709812500000025,3.0,-0.9020117187500011,-12.898976562500014,0.08294930875576037,0.06451612903225806
1097,1333,0.04493708807669263,0.03235470341521869,3.0,-1.6881757812499993,-13.490367187500025,3.0,-0.9020117187500011,-12.898976562500014,0.07373271889400922,0.06451612903225806
1098,868,0.07070101857399641,0.03235470341521869,2.0,-0.9717343749999994,-13.786578125000025,3.0,-0.9020117187500011,-12.898976562500014,0.0944700460829493,0.06451612903225806
1099,1666,0.040143798681845415,0.03235470341521869,3.0,-1.5815273437499995,-13.570195312500026,3.0,-0.9020117187500011,-12.898976562500014,0.06912442396313365,0.06451612903225806
1100,1554,0.0683043738765728,0.03235470341521869,2.0,-0.9992304687499994,-13.759023437500026,3.0,-0.9020117187500011,-12.898976562500014,0.0944700460829493,0.06451612903225806
1101,1661,0.03834631515877771,0.03235470341521869,3.0,-1.5518945312499994,-13.559242187500026,3.0,-0.9020117187500011,-12.898976562500014,0.06912442396313365,0.06451612903225806
1102,778,0.07549430796884361,0.03235470341521869,2.0,-0.8933085937499994,-13.841148437500026,3.0,-0.9020117187500011,-12.898976562500014,0.0967741935483871,0.06451612903225806
1103,824,0.04254044337926902,0.03235470341521869,3.0,-1.6605156249999995,-13.608078125000025,3.0,-0.9020117187500011,-12.898976562500014,0.06912442396313365,0.06451612903225806
1104,730,0.05991611743559017,0.03235470341521869,2.0,-1.1399414062499995,-13.815773437500026,3.0,-0.9020117187500011,-12.898976562500014,0.08755760368663594,0.06451612903225806
1105,430,0.044337926902336726,0.03235470341521869,3.0,-1.7063906249999996,-13.577343750000026,3.0,-0.9020117187500011,-12.898976562500014,0.07142857142857142,0.06451612903225806
1106,598,0.0665068903535051,0.03235470341521869,2.0,-1.0706445312499997,-13.875945312500026,3.0,-0.9020117187500011,-12.898976562500014,0.09216589861751152,0.06451612903225806
1107,1333,0.0347513481126423,0.03235470341521869,3.0,-1.4395624999999996,-13.656500000000026,3.0,-0.9020117187500011,-12.898976562500014,0.06451612903225806,0.06451612903225806
1108,473,0.12702216896345117,0.03235470341521869,4.0,-2.0457695312499995,-13.368992187500027,3.0,-0.9020117187500011,-12.898976562500014,0.12672811059907835,0.06451612903225806
1109,226,0.0347513481126423,0.03235470341521869,3.0,-1.4752148437499994,-13.733804687500026,3.0,-0.9020117187500011,-12.898976562500014,0.06451612903225806,0.06451612903225806
1110,1106,0.08687837028160575,0.03235470341521869,2.0,-0.7110234374999994,-13.945937500000026,3.0,-0.9020117187500011,-12.898976562500014,0.10599078341013825,0.06451612903225806
1111,823,0.0329538645895746,0.03235470341521869,3.0,-1.3169570312499994,-13.770773437500026,3.0,-0.9020117187500011,-12.898976562500014,0.06221198156682028,0.06451612903225806
1112,473,0.11384062312762133,0.03235470341521869,4.0,-1.9231640624999995,-13.483265625000026,3.0,-0.9020117187500011,-12.898976562500014,0.11981566820276497,0.06451612903225806
1113,641,0.0347513481126423,0.03235470341521869,3.0,-1.1943710937499996,-13.776835937500026,3.0,-0.9020117187500011,-12.898976562500014,0.06221198156682028,0.06451612903225806
1114,1554,0.09466746554823248,0.03235470341521869,2.0,-0.6120742187499996,-13.965664062500027,3.0,-0.9020117187500011,-12.898976562500014,0.10829493087557604,0.06451612903225806
1115,112,0.033553025763930495,0.03235470341521869,3.0,-1.3904882812499997,-13.702726562500027,3.0,-0.9020117187500011,-12.898976562500014,0.06451612903225806,0.06451612903225806
1116,491,0.07549430796884361,0.03235470341521869,2.0,-0.8920585937499997,-13.843132812500027,3.0,-0.9020117187500011,-12.898976562500014,0.0967741935483871,0.06451612903225806
1117,834,0.03834631515877771,0.03235470341521869,3.0,-1.5459492187499997,-13.573335937500026,3.0,-0.9020117187500011,-12.898976562500014,0.06682027649769585,0.06451612903225806
1118,1115,0.07189934092270821,0.03235470341521869,2.0,-0.9082070312499997,-13.810210937500026,3.0,-0.9020117187500011,-12.898976562500014,0.0944700460829493,0.06451612903225806
1119,834,0.03894547633313361,0.03235470341521869,3.0,-1.5620976562499997,-13.540414062500025,3.0,-0.9020117187500011,-12.898976562500014,0.06912442396313365,0.06451612903225806
1120,868,0.07908927501497903,0.03235470341521869,2.0,-0.8456562499999998,-13.836625000000025,3.0,-0.9020117187500011,-12.898976562500014,0.09907834101382489,0.06451612903225806
1121,1371,0.03834631515877771,0.03235470341521869,3.0,-1.5123828124999998,-13.618171875000025,3.0,-0.9020117187500011,-12.898976562500014,0.06912442396313365,0.06451612903225806
1122,1106,0.08208508088675853,0.03235470341521869,2.0,-0.7481914062499998,-13.830304687500025,3.0,-0.9020117187500011,-12.898976562500014,0.10368663594470046,0.06451612903225806
1123,1135,0.039544637507489516,0.03235470341521869,3.0,-1.5062460937499997,-13.620945312500025,3.0,-0.9020117187500011,-12.898976562500014,0.07142857142857142,0.06451612903225806
1124,1559,0.08208508088675853,0.03235470341521869,2.0,-0.7463515624999997,-13.846828125000025,3.0,-0.9020117187500011,-12.898976562500014,0.10368663594470046,0.06451612903225806
1125,1354,0.0329538645895746,0.03235470341521869,3.0,-1.2313749999999997,-13.666531250000025,3.0,-0.9020117187500011,-12.898976562500014,0.06451612903225806,0.06451612903225806
1126,351,0.12162971839424805,0.03235470341521869,4.0,-1.9385937499999997,-13.305500000000025,3.0,-0.9020117187500011,-12.898976562500014,0.12442396313364056,0.06451612903225806
1127,1598,0.0329538645895746,0.03235470341521869,3.0,-1.3271328124999997,-13.615234375000025,3.0,-0.9020117187500011,-12.898976562500014,0.06451612903225806,0.06451612903225806
1128,237,0.11863391252246855,0.03235470341521869,4.0,-1.8318476562499997,-13.259320312500025,3.0,-0.9020117187500011,-12.898976562500014,0.12211981566820276,0.06451612903225806
1129,1555,0.033553025763930495,0.03235470341521869,3.0,-1.2971679687499997,-13.575492187500025,3.0,-0.9020117187500011,-12.898976562500014,0.06451612903225806,0.06451612903225806
1130,207,0.11743559017375674,0.03235470341521869,4.0,-1.8179140624999997,-13.271125000000024,3.0,-0.9020117187500011,-12.898976562500014,0.12442396313364056,0.06451612903225806
1131,1613,0.033553025763930495,0.03235470341521869,3.0,-1.3222890624999997,-13.517406250000025,3.0,-0.9020117187500011,-12.898976562500014,0.06451612903225806,0.06451612903225806
1132,122,0.12522468544038345,0.03235470341521869,4.0,-1.9289843749999998,-13.225390625000026,3.0,-0.9020117187500011,-12.898976562500014,0.12672811059907835,0.06451612903225806
1133,1451,0.03235470341521869,0.03235470341521869,3.0,-1.1897187499999997,-13.525234375000027,3.0,-0.9020117187500011,-12.898976562500014,0.06451612903225806,0.06451612903225806
1134,835,0.09047333732774117,0.03235470341521869,2.0,-0.6026562499999997,-13.766750000000027,3.0,-0.9020117187500011,-12.898976562500014,0.10599078341013825,0.06451612903225806
1135,899,0.033553025763930495,0.03235470341521869,3.0,-1.2889257812499997,-13.579304687500027,3.0,-0.9020117187500011,-12.898976562500014,0.06451612903225806,0.06451612903225806
1136,351,0.12822049131216298,0.03235470341521869,4.0,-1.9961445312499997,-13.218273437500027,3.0,-0.9020117187500011,-12.898976562500014,0.1313364055299539,0.06451612903225806
1137,204,0.0341521869382864,0.03235470341521869,3.0,-1.3646523437499996,-13.526179687500028,3.0,-0.9020117187500011,-12.898976562500014,0.06451612903225806,0.06451612903225806
1138,1435,0.11923307369682444,0.03235470341521869,4.0,-1.8240507812499995,-13.240523437500027,3.0,-0.9020117187500011,-12.898976562500014,0.12211981566820276,0.06451612903225806
1139,439,0.0329538645895746,0.03235470341521869,3.0,-1.1416249999999994,-13.496937500000026,3.0,-0.9020117187500011,-12.898976562500014,0.06451612903225806,0.06451612903225806
1140,83,0.11443978430197724,0.03235470341521869,2.0,-0.3418593749999994,-13.656171875000027,3.0,-0.9020117187500011,-12.898976562500014,0.1175115207373272,0.06451612903225806
1141,718,0.035350509286998205,0.03235470341521869,3.0,-0.9582031249999994,-13.461656250000027,3.0,-0.9020117187500011,-12.898976562500014,0.06451612903225806,0.06451612903225806
1142,549,0.11204313960455363,0.03235470341521869,4.0,-1.5933749999999995,-13.102656250000027,3.0,-0.9020117187500011,-12.898976562500014,0.11981566820276497,0.06451612903225806
1143,850,0.0347513481126423,0.03235470341521869,3.0,-0.9433632812499996,-13.405617187500027,3.0,-0.9020117187500011,-12.898976562500014,0.06451612903225806,0.06451612903225806
1144,740,0.1024565608148592,0.03235470341521869,2.0,-0.47074999999999956,-13.645296875000028,3.0,-0.9020117187500011,-12.898976562500014,0.11059907834101383,0.06451612903225806
1145,147,0.0329538645895746,0.03235470341521869,3.0,-1.1875820312499996,-13.442148437500029,3.0,-0.9020117187500011,-12.898976562500014,0.06451612903225806,0.06451612903225806
1146,416,0.09047333732774117,0.03235470341521869,2.0,-0.5925234374999996,-13.716656250000028,3.0,-0.9020117187500011,-12.898976562500014,0.10599078341013825,0.06451612903225806
1147,462,0.033553025763930495,0.03235470341521869,3.0,-1.2218749999999994,-13.435046875000028,3.0,-0.9020117187500011,-12.898976562500014,0.06682027649769585,0.06451612903225806
1148,530,0.12402636309167166,0.03235470341521869,4.0,-1.7813749999999995,-12.998296875000028,3.0,-0.9020117187500011,-12.898976562500014,0.1313364055299539,0.06451612903225806
1149,793,0.033553025763930495,0.03235470341521869,3.0,-1.0254023437499995,-13.238898437500028,3.0,-0.9020117187500011,-12.898976562500014,0.06451612903225806,0.06451612903225806
1150,439,0.10844817255841821,0.03235470341521869,2.0,-0.3429765624999995,-13.495312500000027,3.0,-0.9020117187500011,-12.898976562500014,0.1152073732718894,0.06451612903225806
1151,1382,0.033553025763930495,0.03235470341521869,3.0,-1.0733867187499997,-13.226257812500027,3.0,-0.9020117187500011,-12.898976562500014,0.06451612903225806,0.06451612903225806
1152,473,0.12043139604553625,0.03235470341521869,4.0,-1.6795937499999998,-12.938750000000027,3.0,-0.9020117187500011,-12.898976562500014,0.12442396313364056,0.06451612903225806
1153,838,0.033553025763930495,0.03235470341521869,3.0,-0.9983554687499998,-13.195929687500028,3.0,-0.9020117187500011,-12.898976562500014,0.06682027649769585,0.06451612903225806
1154,1589,0.11923307369682444,0.03235470341521869,4.0,-1.62445703125,-12.919617187500029,3.0,-0.9020117187500011,-12.898976562500014,0.12672811059907835,0.06451612903225806
1155,1649,0.033553025763930495,0.03235470341521869,3.0,-1.02525,-13.270031250000029,3.0,-0.9020117187500011,-12.898976562500014,0.06682027649769585,0.06451612903225806
1156,691,0.12043139604553625,0.03235470341521869,4.0,-1.6558984374999999,-12.900156250000029,3.0,-0.9020117187500011,-12.898976562500014,0.12442396313364056,0.06451612903225806
1157,742,0.03235470341521869,0.03235470341521869,3.0,-1.0654921874999999,-13.268609375000029,3.0,-0.9020117187500011,-12.898976562500014,0.06451612903225806,0.06451612903225806
1158,549,0.12342720191731575,0.03235470341521869,4.0,-1.7006640625,-12.909609375000029,3.0,-0.9020117187500011,-12.898976562500014,0.12672811059907835,0.06451612903225806
1159,699,0.033553025763930495,0.03235470341521869,3.0,-1.0113750000000001,-13.210703125000029,3.0,-0.9020117187500011,-12.898976562500014,0.06682027649769585,0.06451612903225806
1160,1106,0.11623726782504494,0.03235470341521869,2.0,-0.2471835937500001,-13.422835937500029,3.0,-0.9020117187500011,-12.898976562500014,0.11981566820276497,0.06451612903225806
1161,1135,0.033553025763930495,0.03235470341521869,3.0,-1.00523828125,-13.213476562500029,3.0,-0.9020117187500011,-12.898976562500014,0.06682027649769585,0.06451612903225806
1162,1119,0.1060515278609946,0.03235470341521869,2.0,-0.3825078125,-13.483234375000029,3.0,-0.9020117187500011,-12.898976562500014,0.11059907834101383,0.06451612903225806
1163,1364,0.0329538645895746,0.03235470341521869,3.0,-1.0699062499999998,-13.220609375000029,3.0,-0.9020117187500011,-12.898976562500014,0.06451612903225806,0.06451612903225806
1164,1115,0.1006590772917915,0.03235470341521869,2.0,-0.43216406249999983,-13.457484375000028,3.0,-0.9020117187500011,-12.898976562500014,0.11059907834101383,0.06451612903225806
1165,467,0.033553025763930495,0.03235470341521869,3.0,-1.2131015625,-13.248375000000028,3.0,-0.9020117187500011,-12.898976562500014,0.06451612903225806,0.06451612903225806
1166,122,0.1288196524865189,0.03235470341521869,4.0,-1.8197968749999998,-12.956359375000028,3.0,-0.9020117187500011,-12.898976562500014,0.1313364055299539,0.06451612903225806
1167,758,0.0329538645895746,0.03235470341521869,3.0,-1.11779296875,-13.345914062500029,3.0,-0.9020117187500011,-12.898976562500014,0.06451612903225806,0.06451612903225806
1168,948,0.12103055721989216,0.03235470341521869,4.0,-1.749625,-13.032453125000028,3.0,-0.9020117187500011,-12.898976562500014,0.12442396313364056,0.06451612903225806
1169,1510,0.035350509286998205,0.03235470341521869,3.0,-0.947625,-13.273671875000028,3.0,-0.9020117187500011,-12.898976562500014,0.06221198156682028,0.06451612903225806
1170,1241,0.11683642899940083,0.03235470341521869,4.0,-1.62071484375,-12.997882812500029,3.0,-0.9020117187500011,-12.898976562500014,0.12211981566820276,0.06451612903225806
1171,642,0.035350509286998205,0.03235470341521869,3.0,-0.9307382812500001,-13.267882812500028,3.0,-0.9020117187500011,-12.898976562500014,0.06221198156682028,0.06451612903225806
1172,1422,0.12642300778909527,0.03235470341521869,2.0,-0.17285546875000013,-13.532789062500028,3.0,-0.9020117187500011,-12.898976562500014,0.12672811059907835,0.06451612903225806
1173,1174,0.0347513481126423,0.03235470341521869,3.0,-0.8520234375000002,-13.325093750000027,3.0,-0.9020117187500011,-12.898976562500014,0.06682027649769585,0.06451612903225806
1174,948,0.11024565608148593,0.03235470341521869,4.0,-1.4838554687500003,-13.011632812500027,3.0,-0.9020117187500011,-12.898976562500014,0.11981566820276497,0.06451612903225806
1175,1442,0.035350509286998205,0.03235470341521869,3.0,-0.8605078125000003,-13.335656250000026,3.0,-0.9020117187500011,-12.898976562500014,0.06682027649769585,0.06451612903225806
1176,207,0.1012582384661474,0.03235470341521869,4.0,-1.3812539062500002,-13.031289062500026,3.0,-0.9020117187500011,-12.898976562500014,0.1152073732718894,0.06451612903225806
1177,931,0.035350509286998205,0.03235470341521869,3.0,-0.7501015625000002,-13.323125000000026,3.0,-0.9020117187500011,-12.898976562500014,0.06912442396313365,0.06451612903225806
1178,122,0.10005991611743559,0.03235470341521869,4.0,-1.3567968750000001,-13.031109375000026,3.0,-0.9020117187500011,-12.898976562500014,0.1152073732718894,0.06451612903225806
1179,1192,0.03714799281006591,0.03235470341521869,3.0,-0.7075078125000002,-13.323156250000027,3.0,-0.9020117187500011,-12.898976562500014,0.06912442396313365,0.06451612903225806
1180,530,0.1006590772917915,0.03235470341521869,4.0,-1.2670078125000002,-12.886406250000027,3.0,-0.9020117187500011,-12.898976562500014,0.1152073732718894,0.06451612903225806
1181,1251,0.03654883163571001,0.03235470341521869,3.0,-0.7158906250000001,-13.180109375000027,3.0,-0.9020117187500011,-12.898976562500014,0.06682027649769585,0.06451612903225806
1182,1579,0.1042540443379269,0.03235470341521869,4.0,-1.3335585937500003,-12.890992187500027,3.0,-0.9020117187500011,-12.898976562500014,0.1152073732718894,0.06451612903225806
1183,1442,0.035949670461354104,0.03235470341521869,3.0,-0.7102109375000003,-13.215015625000026,3.0,-0.9020117187500011,-12.898976562500014,0.06912442396313365,0.06451612903225806
1184,810,0.11144397843019772,0.03235470341521869,4.0,-1.4694882812500003,-12.945882812500026,3.0,-0.9020117187500011,-12.898976562500014,0.11981566820276497,0.06451612903225806
1185,1040,0.0341521869382864,0.03235470341521869,3.0,-0.8380234375000003,-13.298750000000025,3.0,-0.9020117187500011,-12.898976562500014,0.06682027649769585,0.06451612903225806
1186,1559,0.1318154583582984,0.03235470341521869,2.0,-0.07812890625000024,-13.524632812500025,3.0,-0.9020117187500011,-12.898976562500014,0.12903225806451613,0.06451612903225806
1187,207,0.03834631515877771,0.03235470341521869,3.0,-0.5988750000000002,-13.220265625000025,3.0,-0.9020117187500011,-12.898976562500014,0.07142857142857142,0.06451612903225806
1188,806,0.14140203714799282,0.03235470341521869,2.0,0.01618359374999978,-13.468304687500025,3.0,-0.9020117187500011,-12.898976562500014,0.1359447004608295,0.06451612903225806
1189,473,0.03834631515877771,0.03235470341521869,3.0,-0.5900234375000003,-13.180796875000025,3.0,-0.9020117187500011,-12.898976562500014,0.07142857142857142,0.06451612903225806
1190,1382,0.1030557219892151,0.03235470341521869,4.0,-1.3204335937500002,-12.911742187500025,3.0,-0.9020117187500011,-12.898976562500014,0.1152073732718894,0.06451612903225806
1191,1622,0.035350509286998205,0.03235470341521869,3.0,-0.7227460937500003,-13.249867187500024,3.0,-0.9020117187500011,-12.898976562500014,0.06912442396313365,0.06451612903225806
1192,810,0.11084481725584182,0.03235470341521869,4.0,-1.4820234375000003,-12.980734375000024,3.0,-0.9020117187500011,-12.898976562500014,0.11981566820276497,0.06451612903225806
1193,850,0.0341521869382864,0.03235470341521869,3.0,-0.8320117187500004,-13.283695312500024,3.0,-0.9020117187500011,-12.898976562500014,0.06682027649769585,0.06451612903225806
1194,1158,0.11384062312762133,0.03235470341521869,4.0,-1.5391601562500004,-12.983242187500023,3.0,-0.9020117187500011,-12.898976562500014,0.11981566820276497,0.06451612903225806
1195,530,0.25104853205512284,0.03235470341521869,5.0,-2.0986601562500002,-12.546492187500023,3.0,-0.9020117187500011,-12.898976562500014,0.2764976958525346,0.06451612903225806
1196,644,0.11384062312762133,0.03235470341521869,4.0,-1.5815898437500002,-13.010523437500023,3.0,-0.9020117187500011,-12.898976562500014,0.11981566820276497,0.06451612903225806
1197,261,0.0347513481126423,0.03235470341521869,3.0,-0.9428867187500003,-13.322054687500023,3.0,-0.9020117187500011,-12.898976562500014,0.06221198156682028,0.06451612903225806
1198,1559,0.12582384661473936,0.03235470341521869,2.0,-0.18299218750000024,-13.547937500000023,3.0,-0.9020117187500011,-12.898976562500014,0.12672811059907835,0.06451612903225806
1199,818,0.03714799281006591,0.03235470341521869,3.0,-0.6622734375000002,-13.361515625000022,3.0,-0.9020117187500011,-12.898976562500014,0.06912442396313365,0.06451612903225806
1200,473,0.09706411024565609,0.03235470341521869,4.0,-1.2684804687500004,-13.074007812500023,3.0,-0.9020117187500011,-12.898976562500014,0.11059907834101383,0.06451612903225806
1201,1097,0.03654883163571001,0.03235470341521869,3.0,-0.5914882812500004,-13.394617187500023,3.0,-0.9020117187500011,-12.898976562500014,0.06682027649769585,0.06451612903225806
1202,6,0.09826243259436789,0.03235470341521869,4.0,-1.3074023437500004,-13.047148437500024,3.0,-0.9020117187500011,-12.898976562500014,0.11059907834101383,0.06451612903225806
1203,790,0.035949670461354104,0.03235470341521869,3.0,-0.8841679687500004,-13.363414062500024,3.0,-0.9020117187500011,-12.898976562500014,0.06682027649769585,0.06451612903225806
1204,1171,0.1024565608148592,0.03235470341521869,4.0,-1.4368281250000003,-13.096359375000024,3.0,-0.9020117187500011,-12.898976562500014,0.1152073732718894,0.06451612903225806
1205,1593,0.03714799281006591,0.03235470341521869,3.0,-0.7036015625000004,-13.394140625000023,3.0,-0.9020117187500011,-12.898976562500014,0.06912442396313365,0.06451612903225806
1206,1171,0.09466746554823248,0.03235470341521869,4.0,-1.2562617187500003,-13.127085937500024,3.0,-0.9020117187500011,-12.898976562500014,0.11059907834101383,0.06451612903225806
1207,229,0.037747153984421807,0.03235470341521869,3.0,-0.6527929687500003,-13.422601562500024,3.0,-0.9020117187500011,-12.898976562500014,0.06682027649769585,0.06451612903225806
1208,1171,0.09346914319952067,0.03235470341521869,4.0,-1.2054531250000002,-13.155546875000024,3.0,-0.9020117187500011,-12.898976562500014,0.10368663594470046,0.06451612903225806
1209,1177,0.035350509286998205,0.03235470341521869,3.0,-0.5418320312500002,-13.502789062500025,3.0,-0.9020117187500011,-12.898976562500014,0.06451612903225806,0.06451612903225806
1210,1241,0.09107249850209706,0.03235470341521869,4.0,-1.2149218750000004,-13.227000000000025,3.0,-0.9020117187500011,-12.898976562500014,0.10138248847926268,0.06451612903225806
1211,260,0.035350509286998205,0.03235470341521869,3.0,-0.5862617187500003,-13.571585937500025,3.0,-0.9020117187500011,-12.898976562500014,0.06451612903225806,0.06451612903225806
1212,1106,0.16836428999400838,0.03235470341521869,2.0,0.1779296874999997,-13.783718750000025,3.0,-0.9020117187500011,-12.898976562500014,0.15207373271889402,0.06451612903225806
1213,556,0.037747153984421807,0.03235470341521869,3.0,-0.3868281250000003,-13.635171875000026,3.0,-0.9020117187500011,-12.898976562500014,0.06682027649769585,0.06451612903225806
1214,169,0.19292989814260036,0.03235470341521869,2.0,0.3851679687499998,-13.842648437500026,3.0,-0.9020117187500011,-12.898976562500014,0.20276497695852536,0.06451612903225806
1215,1629,0.040143798681845415,0.03235470341521869,3.0,-0.2686718750000001,-13.680265625000025,3.0,-0.9020117187500011,-12.898976562500014,0.07142857142857142,0.06451612903225806
1216,1158,0.08028759736369083,0.03235470341521869,4.0,-0.9758203125000001,-13.379812500000025,3.0,-0.9020117187500011,-12.898976562500014,0.08064516129032258,0.06451612903225806
1217,1447,0.041941282204913125,0.03235470341521869,3.0,-0.23410937500000017,-13.698640625000024,3.0,-0.9020117187500011,-12.898976562500014,0.06912442396313365,0.06451612903225806
1218,6,0.07849011384062313,0.03235470341521869,4.0,-0.9500234375000002,-13.351171875000023,3.0,-0.9020117187500011,-12.898976562500014,0.08064516129032258,0.06451612903225806
1219,832,0.03834631515877771,0.03235470341521869,3.0,-0.28851953125000007,-13.658976562500023,3.0,-0.9020117187500011,-12.898976562500014,0.07142857142857142,0.06451612903225806
1220,351,0.08148591971240264,0.03235470341521869,4.0,-0.9957382812500001,-13.297945312500023,3.0,-0.9020117187500011,-12.898976562500014,0.08064516129032258,0.06451612903225806
1221,1526,0.037747153984421807,0.03235470341521869,3.0,-0.3786679687500001,-13.624882812500022,3.0,-0.9020117187500011,-12.898976562500014,0.06682027649769585,0.06451612903225806
1222,606,0.08508088675853805,0.03235470341521869,4.0,-1.11880078125,-13.380179687500023,3.0,-0.9020117187500011,-12.898976562500014,0.08755760368663594,0.06451612903225806
1223,1122,0.035949670461354104,0.03235470341521869,3.0,-0.6417265625000002,-13.675187500000023,3.0,-0.9020117187500011,-12.898976562500014,0.06451612903225806,0.06451612903225806
1224,549,0.09107249850209706,0.03235470341521869,4.0,-1.2768984375000003,-13.316187500000023,3.0,-0.9020117187500011,-12.898976562500014,0.10368663594470046,0.06451612903225806
1225,1555,0.037747153984421807,0.03235470341521869,3.0,-0.7422187500000004,-13.632359375000023,3.0,-0.9020117187500011,-12.898976562500014,0.06451612903225806,0.06451612903225806
1226,207,0.09047333732774117,0.03235470341521869,4.0,-1.2629648437500003,-13.327992187500023,3.0,-0.9020117187500011,-12.898976562500014,0.10138248847926268,0.06451612903225806
1227,237,0.21569802276812464,0.03235470341521869,5.0,-1.7676796875000003,-12.972078125000023,3.0,-0.9020117187500011,-12.898976562500014,0.24423963133640553,0.06451612903225806
1228,771,0.08747753145596165,0.03235470341521869,4.0,-1.2121015625000002,-13.406015625000023,3.0,-0.9020117187500011,-12.898976562500014,0.0967741935483871,0.06451612903225806
1229,1003,0.0347513481126423,0.03235470341521869,3.0,-0.5720976562500002,-13.702835937500023,3.0,-0.9020117187500011,-12.898976562500014,0.06682027649769585,0.06451612903225806
1230,1130,0.08148591971240264,0.03235470341521869,4.0,-0.9939882812500003,-13.337929687500022,3.0,-0.9020117187500011,-12.898976562500014,0.08064516129032258,0.06451612903225806
1231,1480,0.035350509286998205,0.03235470341521869,3.0,-0.4468593750000003,-13.634296875000022,3.0,-0.9020117187500011,-12.898976562500014,0.06682027649769585,0.06451612903225806
1232,530,0.08508088675853805,0.03235470341521869,4.0,-1.0063593750000004,-13.197546875000022,3.0,-0.9020117187500011,-12.898976562500014,0.08986175115207373,0.06451612903225806
1233,1590,0.03714799281006591,0.03235470341521869,3.0,-0.33549609375000033,-13.541398437500021,3.0,-0.9020117187500011,-12.898976562500014,0.06682027649769585,0.06451612903225806
1234,1339,0.08687837028160575,0.03235470341521869,4.0,-1.1278203125000004,-13.27790625000002,3.0,-0.9020117187500011,-12.898976562500014,0.0967741935483871,0.06451612903225806
1235,999,0.0347513481126423,0.03235470341521869,3.0,-0.47193359375000044,-13.62339843750002,3.0,-0.9020117187500011,-12.898976562500014,0.06682027649769585,0.06451612903225806
1236,405,0.08148591971240264,0.03235470341521869,4.0,-1.0268164062500005,-13.35475781250002,3.0,-0.9020117187500011,-12.898976562500014,0.08064516129032258,0.06451612903225806
1237,1251,0.0347513481126423,0.03235470341521869,3.0,-0.47569921875000043,-13.64846093750002,3.0,-0.9020117187500011,-12.898976562500014,0.06682027649769585,0.06451612903225806
1238,222,0.08148591971240264,0.03235470341521869,4.0,-1.0155039062500004,-13.34700781250002,3.0,-0.9020117187500011,-12.898976562500014,0.08064516129032258,0.06451612903225806
1239,89,0.03834631515877771,0.03235470341521869,3.0,-0.3027070312500004,-13.61288281250002,3.0,-0.9020117187500011,-12.898976562500014,0.06912442396313365,0.06451612903225806
1240,1341,0.08448172558418214,0.03235470341521869,4.0,-1.0955976562500005,-13.37263281250002,3.0,-0.9020117187500011,-12.898976562500014,0.08755760368663594,0.06451612903225806
1241,525,0.2127022168963451,0.03235470341521869,5.0,-1.7413164062500006,-13.01396093750002,3.0,-0.9020117187500011,-12.898976562500014,0.24193548387096775,0.06451612903225806
1242,1096,0.08448172558418214,0.03235470341521869,4.0,-1.1629765625000006,-13.46437500000002,3.0,-0.9020117187500011,-12.898976562500014,0.08755760368663594,0.06451612903225806
1243,982,0.035949670461354104,0.03235470341521869,3.0,-0.5036953125000005,-13.787578125000021,3.0,-0.9020117187500011,-12.898976562500014,0.06682027649769585,0.06451612903225806
1244,591,0.08088675853804674,0.03235470341521869,4.0,-1.1198281250000006,-13.53098437500002,3.0,-0.9020117187500011,-12.898976562500014,0.08064516129032258,0.06451612903225806
1245,849,0.03714799281006591,0.03235470341521869,3.0,-0.4705546875000006,-13.84290625000002,3.0,-0.9020117187500011,-12.898976562500014,0.06682027649769585,0.06451612903225806
1246,207,0.07609346914319952,0.03235470341521869,4.0,-0.9913007812500005,-13.53853906250002,3.0,-0.9020117187500011,-12.898976562500014,0.07834101382488479,0.06451612903225806
1247,641,0.041941282204913125,0.03235470341521869,3.0,-0.26250781250000055,-13.83210937500002,3.0,-0.9020117187500011,-12.898976562500014,0.06912442396313365,0.06451612903225806
1248,1130,0.0677052127022169,0.03235470341521869,4.0,-0.6843984375000005,-13.467203125000019,3.0,-0.9020117187500011,-12.898976562500014,0.08525345622119816,0.06451612903225806
1249,733,0.04553624925104853,0.03235470341521869,3.0,-0.07465625000000053,-13.776687500000019,3.0,-0.9020117187500011,-12.898976562500014,0.07373271889400922,0.06451612903225806
1250,1324,0.07249850209706411,0.03235470341521869,4.0,-0.8359960937500006,-13.52742968750002,3.0,-0.9020117187500011,-12.898976562500014,0.07834101382488479,0.06451612903225806
1251,1559,0.04493708807669263,0.03235470341521869,3.0,-0.07610156250000055,-13.75331250000002,3.0,-0.9020117187500011,-12.898976562500014,0.07373271889400922,0.06451612903225806
1252,272,0.0701018573996405,0.03235470341521869,4.0,-0.7348476562500006,-13.50644531250002,3.0,-0.9020117187500011,-12.898976562500014,0.08525345622119816,0.06451612903225806
1253,407,0.19472738166566805,0.03235470341521869,5.0,-1.4105039062500007,-13.13475781250002,3.0,-0.9020117187500011,-12.898976562500014,0.21428571428571427,0.06451612903225806
1254,1116,0.0677052127022169,0.03235470341521869,4.0,-0.7148476562500007,-13.48964843750002,3.0,-0.9020117187500011,-12.898976562500014,0.08525345622119816,0.06451612903225806
1255,525,0.19352905931695627,0.03235470341521869,5.0,-1.3605664062500007,-13.130976562500019,3.0,-0.9020117187500011,-12.898976562500014,0.21428571428571427,0.06451612903225806
1256,689,0.0701018573996405,0.03235470341521869,4.0,-0.7527343750000007,-13.538593750000018,3.0,-0.9020117187500011,-12.898976562500014,0.08525345622119816,0.06451612903225806
1257,1526,0.04493708807669263,0.03235470341521869,3.0,-0.13566406250000074,-13.865531250000018,3.0,-0.9020117187500011,-12.898976562500014,0.07142857142857142,0.06451612903225806
1258,1490,0.07309766327142002,0.03235470341521869,4.0,-0.9547734375000008,-13.596359375000018,3.0,-0.9020117187500011,-12.898976562500014,0.07834101382488479,0.06451612903225806
1259,1533,0.03894547633313361,0.03235470341521869,3.0,-0.3656601562500008,-13.914554687500019,3.0,-0.9020117187500011,-12.898976562500014,0.07142857142857142,0.06451612903225806
1260,1341,0.07968843618933494,0.03235470341521869,4.0,-1.1585507812500009,-13.674304687500019,3.0,-0.9020117187500011,-12.898976562500014,0.07834101382488479,0.06451612903225806
1261,89,0.03714799281006591,0.03235470341521869,3.0,-0.4457539062500009,-13.940179687500018,3.0,-0.9020117187500011,-12.898976562500014,0.06912442396313365,0.06451612903225806
1262,430,0.07249850209706411,0.03235470341521869,4.0,-1.012203125000001,-13.701750000000018,3.0,-0.9020117187500011,-12.898976562500014,0.07834101382488479,0.06451612903225806
1263,1111,0.040143798681845415,0.03235470341521869,3.0,-0.38693750000000104,-14.029671875000018,3.0,-0.9020117187500011,-12.898976562500014,0.07142857142857142,0.06451612903225806
1264,1567,0.07609346914319952,0.03235470341521869,4.0,-1.1325390625000011,-13.764265625000018,3.0,-0.9020117187500011,-12.898976562500014,0.07834101382488479,0.06451612903225806
1265,531,0.03714799281006591,0.03235470341521869,3.0,-0.5236250000000011,-14.090546875000017,3.0,-0.9020117187500011,-12.898976562500014,0.06682027649769585,0.06451612903225806
1266,25,0.07549430796884361,0.03235470341521869,4.0,-1.1568554687500012,-13.851820312500017,3.0,-0.9020117187500011,-12.898976562500014,0.07834101382488479,0.06451612903225806
1267,1160,0.040143798681845415,0.03235470341521869,3.0,-0.4311640625000013,-14.158031250000016,3.0,-0.9020117187500011,-12.898976562500014,0.07142857142857142,0.06451612903225806
1268,308,0.0713001797483523,0.03235470341521869,4.0,-0.9856093750000012,-13.927406250000017,3.0,-0.9020117187500011,-12.898976562500014,0.08064516129032258,0.06451612903225806
1269,1480,0.040143798681845415,0.03235470341521869,3.0,-0.43848046875000124,-14.223773437500016,3.0,-0.9020117187500011,-12.898976562500014,0.06912442396313365,0.06451612903225806
1270,407,0.07309766327142002,0.03235470341521869,4.0,-1.1141367187500013,-13.852085937500016,3.0,-0.9020117187500011,-12.898976562500014,0.07834101382488479,0.06451612903225806
1271,237,0.19233073696824446,0.03235470341521869,5.0,-1.6188515625000013,-13.496171875000016,3.0,-0.9020117187500011,-12.898976562500014,0.20276497695852536,0.06451612903225806
1272,1177,0.07189934092270821,0.03235470341521869,4.0,-0.9552304687500013,-13.843414062500017,3.0,-0.9020117187500011,-12.898976562500014,0.08294930875576037,0.06451612903225806
1273,409,0.04553624925104853,0.03235470341521869,3.0,-0.2528984375000013,-14.148312500000017,3.0,-0.9020117187500011,-12.898976562500014,0.07142857142857142,0.06451612903225806
1274,722,0.06710605152786099,0.03235470341521869,4.0,-0.8858945312500013,-13.829742187500017,3.0,-0.9020117187500011,-12.898976562500014,0.08294930875576037,0.06451612903225806
1275,1598,0.04553624925104853,0.03235470341521869,3.0,-0.2744335937500013,-14.139476562500016,3.0,-0.9020117187500011,-12.898976562500014,0.07142857142857142,0.06451612903225806
1276,691,0.0713001797483523,0.03235470341521869,4.0,-0.9050820312500013,-13.769601562500016,3.0,-0.9020117187500011,-12.898976562500014,0.08294930875576037,0.06451612903225806
1277,614,0.04373876572798083,0.03235470341521869,3.0,-0.2747968750000013,-14.078343750000016,3.0,-0.9020117187500011,-12.898976562500014,0.07142857142857142,0.06451612903225806
1278,379,0.07249850209706411,0.03235470341521869,4.0,-0.9663789062500012,-13.807992187500016,3.0,-0.9020117187500011,-12.898976562500014,0.07834101382488479,0.06451612903225806
1279,850,0.04313960455362492,0.03235470341521869,3.0,-0.31636718750000126,-14.110953125000016,3.0,-0.9020117187500011,-12.898976562500014,0.07142857142857142,0.06451612903225806
1280,1341,0.07249850209706411,0.03235470341521869,4.0,-1.1092578125000014,-13.870703125000016,3.0,-0.9020117187500011,-12.898976562500014,0.07834101382488479,0.06451612903225806
1281,1209,0.03834631515877771,0.03235470341521869,3.0,-0.48274609375000144,-14.164664062500016,3.0,-0.9020117187500011,-12.898976562500014,0.07142857142857142,0.06451612903225806
1282,207,0.07249850209706411,0.03235470341521869,4.0,-1.0034921875000014,-13.860296875000016,3.0,-0.9020117187500011,-12.898976562500014,0.07834101382488479,0.06451612903225806
1283,1003,0.041941282204913125,0.03235470341521869,3.0,-0.3634882812500013,-14.157117187500015,3.0,-0.9020117187500011,-12.898976562500014,0.06912442396313365,0.06451612903225806
1284,407,0.07249850209706411,0.03235470341521869,4.0,-1.0391445312500014,-13.785429687500015,3.0,-0.9020117187500011,-12.898976562500014,0.07834101382488479,0.06451612903225806
1285,730,0.03714799281006591,0.03235470341521869,3.0,-0.5185703125000014,-13.993125000000015,3.0,-0.9020117187500011,-12.898976562500014,0.06682027649769585,0.06451612903225806
1286,1445,0.08208508088675853,0.03235470341521869,4.0,-1.2761171875000015,-13.748750000000015,3.0,-0.9020117187500011,-12.898976562500014,0.08064516129032258,0.06451612903225806
1287,1443,0.0341521869382864,0.03235470341521869,3.0,-0.6367382812500015,-14.066648437500016,3.0,-0.9020117187500011,-12.898976562500014,0.06682027649769585,0.06451612903225806
1288,691,0.08388256440982625,0.03235470341521869,4.0,-1.2673867187500014,-13.696773437500015,3.0,-0.9020117187500011,-12.898976562500014,0.08294930875576037,0.06451612903225806
1289,525,0.2085080886758538,0.03235470341521869,5.0,-1.9131054687500013,-13.338101562500015,3.0,-0.9020117187500011,-12.898976562500014,0.23271889400921658,0.06451612903225806
1290,1447,0.08088675853804674,0.03235470341521869,4.0,-1.1713945312500014,-13.656929687500014,3.0,-0.9020117187500011,-12.898976562500014,0.07834101382488479,0.06451612903225806
1291,1477,0.035350509286998205,0.03235470341521869,3.0,-0.7353203125000014,-13.960109375000014,3.0,-0.9020117187500011,-12.898976562500014,0.06451612903225806,0.06451612903225806
1292,1114,0.14739364889155182,0.03235470341521869,2.0,-0.07869531250000139,-14.125515625000014,3.0,-0.9020117187500011,-12.898976562500014,0.14516129032258066,0.06451612903225806
1293,613,0.03714799281006591,0.03235470341521869,3.0,-0.8884414062500013,-13.898617187500015,3.0,-0.9020117187500011,-12.898976562500014,0.06682027649769585,0.06451612903225806
1294,1435,0.08747753145596165,0.03235470341521869,4.0,-1.3478398437500014,-13.612960937500015,3.0,-0.9020117187500011,-12.898976562500014,0.0967741935483871,0.06451612903225806
1295,806,0.03654883163571001,0.03235470341521869,3.0,-0.7327812500000015,-13.861000000000015,3.0,-0.9020117187500011,-12.898976562500014,0.06451612903225806,0.06451612903225806
1296,379,0.08987417615338526,0.03235470341521869,4.0,-1.4243632812500016,-13.590648437500015,3.0,-0.9020117187500011,-12.898976562500014,0.09907834101382489,0.06451612903225806
1297,1593,0.0347513481126423,0.03235470341521869,3.0,-0.6911367187500016,-13.888429687500015,3.0,-0.9020117187500011,-12.898976562500014,0.06451612903225806,0.06451612903225806
1298,490,0.08687837028160575,0.03235470341521869,4.0,-1.2931953125000017,-13.556765625000015,3.0,-0.9020117187500011,-12.898976562500014,0.09216589861751152,0.06451612903225806
1299,1143,0.03654883163571001,0.03235470341521869,3.0,-0.7561835937500017,-13.837007812500016,3.0,-0.9020117187500011,-12.898976562500014,0.06451612903225806,0.06451612903225806
1300,549,0.09167165967645297,0.03235470341521869,4.0,-1.3913554687500018,-13.478007812500016,3.0,-0.9020117187500011,-12.898976562500014,0.10138248847926268,0.06451612903225806
1301,1613,0.035350509286998205,0.03235470341521869,3.0,-0.8957304687500018,-13.724289062500016,3.0,-0.9020117187500011,-12.898976562500014,0.06912442396313365,0.06451612903225806
1302,834,0.09706411024565609,0.03235470341521869,4.0,-1.549621093750002,-13.454492187500016,3.0,-0.9020117187500011,-12.898976562500014,0.11059907834101383,0.06451612903225806
1303,999,0.035949670461354104,0.03235470341521869,3.0,-0.893734375000002,-13.799984375000015,3.0,-0.9020117187500011,-12.898976562500014,0.06682027649769585,0.06451612903225806
1304,810,0.09886159376872379,0.03235470341521869,4.0,-1.653011718750002,-13.530851562500015,3.0,-0.9020117187500011,-12.898976562500014,0.1152073732718894,0.06451612903225806
1305,1478,0.0347513481126423,0.03235470341521869,3.0,-1.011582031250002,-13.862476562500015,3.0,-0.9020117187500011,-12.898976562500014,0.06451612903225806,0.06451612903225806
1306,1457,0.09766327142001198,0.03235470341521869,4.0,-1.646601562500002,-13.571843750000015,3.0,-0.9020117187500011,-12.898976562500014,0.11290322580645161,0.06451612903225806
1307,962,0.0347513481126423,0.03235470341521869,3.0,-1.030660156250002,-13.923601562500016,3.0,-0.9020117187500011,-12.898976562500014,0.06221198156682028,0.06451612903225806
1308,351,0.1048532055122828,0.03235470341521869,4.0,-1.737878906250002,-13.562570312500016,3.0,-0.9020117187500011,-12.898976562500014,0.1152073732718894,0.06451612903225806
1309,719,0.035350509286998205,0.03235470341521869,3.0,-0.998992187500002,-13.913671875000016,3.0,-0.9020117187500011,-12.898976562500014,0.06451612903225806,0.06451612903225806
1310,1485,0.09766327142001198,0.03235470341521869,4.0,-1.5980546875000021,-13.495906250000017,3.0,-0.9020117187500011,-12.898976562500014,0.11290322580645161,0.06451612903225806
1311,1613,0.0347513481126423,0.03235470341521869,3.0,-1.1024296875000021,-13.742187500000018,3.0,-0.9020117187500011,-12.898976562500014,0.059907834101382486,0.06451612903225806
1312,1559,0.11923307369682444,0.03235470341521869,2.0,-0.3425351562500021,-13.968070312500018,3.0,-0.9020117187500011,-12.898976562500014,0.12211981566820276,0.06451612903225806
1313,1609,0.035949670461354104,0.03235470341521869,3.0,-0.6393906250000021,-13.672156250000018,3.0,-0.9020117187500011,-12.898976562500014,0.06451612903225806,0.06451612903225806
1314,117,0.08867585380467345,0.03235470341521869,4.0,-1.295386718750002,-13.394492187500019,3.0,-0.9020117187500011,-12.898976562500014,0.10138248847926268,0.06451612903225806
1315,847,0.0347513481126423,0.03235470341521869,3.0,-0.566546875000002,-13.690203125000018,3.0,-0.9020117187500011,-12.898976562500014,0.06682027649769585,0.06451612903225806
1316,6,0.09047333732774117,0.03235470341521869,4.0,-1.282460937500002,-13.342734375000017,3.0,-0.9020117187500011,-12.898976562500014,0.10138248847926268,0.06451612903225806
1317,92,0.035949670461354104,0.03235470341521869,3.0,-0.637339843750002,-13.673460937500018,3.0,-0.9020117187500011,-12.898976562500014,0.06451612903225806,0.06451612903225806
1318,473,0.08747753145596165,0.03235470341521869,4.0,-1.243546875000002,-13.385953125000018,3.0,-0.9020117187500011,-12.898976562500014,0.09907834101382489,0.06451612903225806
1319,1003,0.0347513481126423,0.03235470341521869,3.0,-0.603542968750002,-13.682773437500018,3.0,-0.9020117187500011,-12.898976562500014,0.06451612903225806,0.06451612903225806
1320,591,0.08687837028160575,0.03235470341521869,4.0,-1.219675781250002,-13.426179687500017,3.0,-0.9020117187500011,-12.898976562500014,0.0967741935483871,0.06451612903225806
1321,835,0.035350509286998205,0.03235470341521869,3.0,-0.632613281250002,-13.667695312500017,3.0,-0.9020117187500011,-12.898976562500014,0.06451612903225806,0.06451612903225806
1322,1609,0.07669263031755542,0.03235470341521869,4.0,-0.9294687500000021,-13.371781250000017,3.0,-0.9020117187500011,-12.898976562500014,0.08064516129032258,0.06451612903225806
1323,1663,0.2067106051527861,0.03235470341521869,5.0,-1.555230468750002,-13.003554687500017,3.0,-0.9020117187500011,-12.898976562500014,0.22811059907834103,0.06451612903225806
1324,93,0.08088675853804674,0.03235470341521869,4.0,-1.0354414062500021,-13.431164062500017,3.0,-0.9020117187500011,-12.898976562500014,0.08064516129032258,0.06451612903225806
1325,730,0.035350509286998205,0.03235470341521869,3.0,-0.5148671875000022,-13.638859375000017,3.0,-0.9020117187500011,-12.898976562500014,0.06682027649769585,0.06451612903225806
1326,1435,0.08088675853804674,0.03235470341521869,4.0,-0.9742656250000021,-13.353203125000016,3.0,-0.9020117187500011,-12.898976562500014,0.08064516129032258,0.06451612903225806
1327,733,0.03714799281006591,0.03235470341521869,3.0,-0.36452343750000216,-13.662687500000017,3.0,-0.9020117187500011,-12.898976562500014,0.06682027649769585,0.06451612903225806
1328,715,0.08687837028160575,0.03235470341521869,4.0,-1.1796250000000021,-13.420968750000016,3.0,-0.9020117187500011,-12.898976562500014,0.08986175115207373,0.06451612903225806
1329,937,0.035350509286998205,0.03235470341521869,3.0,-0.5546171875000021,-13.752156250000017,3.0,-0.9020117187500011,-12.898976562500014,0.06682027649769585,0.06451612903225806
1330,207,0.08148591971240264,0.03235470341521869,4.0,-1.075363281250002,-13.447789062500016,3.0,-0.9020117187500011,-12.898976562500014,0.08064516129032258,0.06451612903225806
1331,848,0.03834631515877771,0.03235470341521869,3.0,-0.34885156250000215,-13.733515625000017,3.0,-0.9020117187500011,-12.898976562500014,0.06912442396313365,0.06451612903225806
1332,530,0.07849011384062313,0.03235470341521869,4.0,-0.9083515625000023,-13.296765625000017,3.0,-0.9020117187500011,-12.898976562500014,0.08064516129032258,0.06451612903225806
1333,832,0.039544637507489516,0.03235470341521869,3.0,-0.24684765625000216,-13.604570312500016,3.0,-0.9020117187500011,-12.898976562500014,0.07142857142857142,0.06451612903225806
1334,530,0.07669263031755542,0.03235470341521869,4.0,-0.8063476562500023,-13.167820312500016,3.0,-0.9020117187500011,-12.898976562500014,0.08064516129032258,0.06451612903225806
1335,12,0.04313960455362492,0.03235470341521869,3.0,-0.08987890625000228,-13.505835937500017,3.0,-0.9020117187500011,-12.898976562500014,0.07142857142857142,0.06451612903225806
1336,405,0.07189934092270821,0.03235470341521869,4.0,-0.6447617187500023,-13.237195312500017,3.0,-0.9020117187500011,-12.898976562500014,0.08064516129032258,0.06451612903225806
1337,1143,0.04313960455362492,0.03235470341521869,3.0,-0.10775000000000223,-13.517437500000018,3.0,-0.9020117187500011,-12.898976562500014,0.07142857142857142,0.06451612903225806
1338,446,0.07309766327142002,0.03235470341521869,4.0,-0.7185117187500023,-13.285898437500018,3.0,-0.9020117187500011,-12.898976562500014,0.07834101382488479,0.06451612903225806
1339,1639,0.04493708807669263,0.03235470341521869,3.0,-0.06257421875000224,-13.617648437500018,3.0,-0.9020117187500011,-12.898976562500014,0.07142857142857142,0.06451612903225806
1340,549,0.07309766327142002,0.03235470341521869,4.0,-0.6977460937500023,-13.258648437500018,3.0,-0.9020117187500011,-12.898976562500014,0.07834101382488479,0.06451612903225806
1341,730,0.04134212103055722,0.03235470341521869,3.0,-0.1771718750000023,-13.466343750000018,3.0,-0.9020117187500011,-12.898976562500014,0.07142857142857142,0.06451612903225806
1342,1589,0.07729179149191133,0.03235470341521869,4.0,-0.8032734375000024,-13.190031250000018,3.0,-0.9020117187500011,-12.898976562500014,0.08064516129032258,0.06451612903225806
1343,409,0.04313960455362492,0.03235470341521869,3.0,-0.10094140625000236,-13.494929687500019,3.0,-0.9020117187500011,-12.898976562500014,0.07142857142857142,0.06451612903225806
1344,606,0.07729179149191133,0.03235470341521869,4.0,-0.8410742187500023,-13.25022656250002,3.0,-0.9020117187500011,-12.898976562500014,0.08064516129032258,0.06451612903225806
1345,1441,0.03894547633313361,0.03235470341521869,3.0,-0.2419687500000023,-13.571921875000019,3.0,-0.9020117187500011,-12.898976562500014,0.07142857142857142,0.06451612903225806
1346,1579,0.07669263031755542,0.03235470341521869,4.0,-0.8596367187500024,-13.282804687500018,3.0,-0.9020117187500011,-12.898976562500014,0.08064516129032258,0.06451612903225806
1347,1559,0.04313960455362492,0.03235470341521869,3.0,-0.0997421875000023,-13.508687500000018,3.0,-0.9020117187500011,-12.898976562500014,0.07142857142857142,0.06451612903225806
1348,83,0.2444577591372079,0.03235470341521869,2.0,0.7000234374999977,-13.667921875000019,3.0,-0.9020117187500011,-12.898976562500014,0.24193548387096775,0.06451612903225806
1349,813,0.04493708807669263,0.03235470341521869,3.0,-0.03764453125000222,-13.556742187500019,3.0,-0.9020117187500011,-12.898976562500014,0.07142857142857142,0.06451612903225806
1350,117,0.07309766327142002,0.03235470341521869,4.0,-0.6936406250000022,-13.27907812500002,3.0,-0.9020117187500011,-12.898976562500014,0.07834101382488479,0.06451612903225806
1351,806,0.044337926902336726,0.03235470341521869,3.0,-0.0785820312500023,-13.52711718750002,3.0,-0.9020117187500011,-12.898976562500014,0.07142857142857142,0.06451612903225806
1352,83,0.24865188735769922,0.03235470341521869,2.0,0.7211835937499977,-13.68635156250002,3.0,-0.9020117187500011,-12.898976562500014,0.2488479262672811,0.06451612903225806
1353,464,0.046135410425404436,0.03235470341521869,3.0,0.022363281249997646,-13.53300781250002,3.0,-0.9020117187500011,-12.898976562500014,0.07373271889400922,0.06451612903225806
1354,1114,0.24206111443978431,0.03235470341521869,2.0,0.6789882812499977,-13.69841406250002,3.0,-0.9020117187500011,-12.898976562500014,0.23963133640552994,0.06451612903225806
1355,1409,0.04493708807669263,0.03235470341521869,3.0,-0.012281250000002353,-13.527734375000021,3.0,-0.9020117187500011,-12.898976562500014,0.07142857142857142,0.06451612903225806
1356,379,0.07309766327142002,0.03235470341521869,4.0,-0.7038632812500023,-13.25738281250002,3.0,-0.9020117187500011,-12.898976562500014,0.07834101382488479,0.06451612903225806
1357,793,0.046135410425404436,0.03235470341521869,3.0,0.05210937499999768,-13.497984375000021,3.0,-0.9020117187500011,-12.898976562500014,0.07373271889400922,0.06451612903225806
1358,810,0.07309766327142002,0.03235470341521869,4.0,-0.7071679687500023,-13.22885156250002,3.0,-0.9020117187500011,-12.898976562500014,0.08064516129032258,0.06451612903225806
1359,1342,0.04493708807669263,0.03235470341521869,3.0,-0.01822656250000232,-13.522984375000021,3.0,-0.9020117187500011,-12.898976562500014,0.07142857142857142,0.06451612903225806
1360,1364,0.07309766327142002,0.03235470341521869,4.0,-0.7056250000000023,-13.260359375000021,3.0,-0.9020117187500011,-12.898976562500014,0.07834101382488479,0.06451612903225806
1361,1663,0.20011983223487118,0.03235470341521869,5.0,-1.3313867187500024,-12.892132812500021,3.0,-0.9020117187500011,-12.898976562500014,0.22811059907834103,0.06451612903225806
1362,656,0.07489514679448772,0.03235470341521869,4.0,-0.7758515625000024,-13.22517187500002,3.0,-0.9020117187500011,-12.898976562500014,0.08294930875576037,0.06451612903225806
1363,937,0.04254044337926902,0.03235470341521869,3.0,-0.15084375000000239,-13.55635937500002,3.0,-0.9020117187500011,-12.898976562500014,0.07142857142857142,0.06451612903225806
1364,407,0.07729179149191133,0.03235470341521869,4.0,-0.8265000000000025,-13.18467187500002,3.0,-0.9020117187500011,-12.898976562500014,0.08064516129032258,0.06451612903225806
1365,12,0.04313960455362492,0.03235470341521869,3.0,-0.11003125000000247,-13.522687500000021,3.0,-0.9020117187500011,-12.898976562500014,0.07142857142857142,0.06451612903225806
1366,1339,0.07968843618933494,0.03235470341521869,4.0,-0.9023554687500025,-13.25919531250002,3.0,-0.9020117187500011,-12.898976562500014,0.08064516129032258,0.06451612903225806
1367,850,0.03834631515877771,0.03235470341521869,3.0,-0.25234375000000253,-13.56215625000002,3.0,-0.9020117187500011,-12.898976562500014,0.07142857142857142,0.06451612903225806
1368,715,0.08448172558418214,0.03235470341521869,4.0,-1.0674453125000025,-13.32043750000002,3.0,-0.9020117187500011,-12.898976562500014,0.08755760368663594,0.06451612903225806
1369,931,0.035350509286998205,0.03235470341521869,3.0,-0.43629296875000245,-13.61227343750002,3.0,-0.9020117187500011,-12.898976562500014,0.06682027649769585,0.06451612903225806
1370,222,0.08148591971240264,0.03235470341521869,4.0,-0.9760976562500024,-13.31082031250002,3.0,-0.9020117187500011,-12.898976562500014,0.08064516129032258,0.06451612903225806
1371,1192,0.037747153984421807,0.03235470341521869,3.0,-0.3268085937500025,-13.60286718750002,3.0,-0.9020117187500011,-12.898976562500014,0.06912442396313365,0.06451612903225806
1372,122,0.08028759736369083,0.03235470341521869,4.0,-0.9335039062500025,-13.310851562500021,3.0,-0.9020117187500011,-12.898976562500014,0.08064516129032258,0.06451612903225806
1373,94,0.037747153984421807,0.03235470341521869,3.0,-0.3394375000000025,-13.632796875000022,3.0,-0.9020117187500011,-12.898976562500014,0.06912442396313365,0.06451612903225806
1374,1341,0.08508088675853805,0.03235470341521869,4.0,-1.1323281250000026,-13.392546875000022,3.0,-0.9020117187500011,-12.898976562500014,0.08755760368663594,0.06451612903225806
1375,778,0.0347513481126423,0.03235470341521869,3.0,-0.4737421875000025,-13.674453125000023,3.0,-0.9020117187500011,-12.898976562500014,0.06682027649769585,0.06451612903225806
1376,1490,0.08807669263031756,0.03235470341521869,4.0,-1.2928515625000025,-13.405281250000023,3.0,-0.9020117187500011,-12.898976562500014,0.10138248847926268,0.06451612903225806
1377,1442,0.03654883163571001,0.03235470341521869,3.0,-0.6695039062500026,-13.729304687500022,3.0,-0.9020117187500011,-12.898976562500014,0.06451612903225806,0.06451612903225806
1378,1554,0.1372079089275015,0.03235470341521869,2.0,-0.08720703125000251,-13.918132812500023,3.0,-0.9020117187500011,-12.898976562500014,0.1313364055299539,0.06451612903225806
1379,360,0.03714799281006591,0.03235470341521869,3.0,-0.7947421875000026,-13.729984375000022,3.0,-0.9020117187500011,-12.898976562500014,0.06682027649769585,0.06451612903225806
1380,835,0.12941881366087477,0.03235470341521869,2.0,-0.20767968750000254,-13.971500000000022,3.0,-0.9020117187500011,-12.898976562500014,0.12903225806451613,0.06451612903225806
1381,1589,0.037747153984421807,0.03235470341521869,3.0,-0.8337812500000026,-13.695187500000022,3.0,-0.9020117187500011,-12.898976562500014,0.06912442396313365,0.06451612903225806
1382,351,0.09886159376872379,0.03235470341521869,4.0,-1.5410000000000026,-13.334156250000023,3.0,-0.9020117187500011,-12.898976562500014,0.1152073732718894,0.06451612903225806
1383,1440,0.035350509286998205,0.03235470341521869,3.0,-1.1192148437500027,-13.612695312500023,3.0,-0.9020117187500011,-12.898976562500014,0.06221198156682028,0.06451612903225806
1384,439,0.10844817255841821,0.03235470341521869,2.0,-0.4367890625000027,-13.869109375000022,3.0,-0.9020117187500011,-12.898976562500014,0.1152073732718894,0.06451612903225806
1385,491,0.44218094667465546,0.03235470341521869,1.0,0.06164062499999723,-14.009515625000022,3.0,-0.9020117187500011,-12.898976562500014,0.4400921658986175,0.06451612903225806
1386,718,0.09646494907130018,0.03235470341521869,2.0,-0.5547031250000027,-13.815000000000023,3.0,-0.9020117187500011,-12.898976562500014,0.10829493087557604,0.06451612903225806
1387,810,0.033553025763930495,0.03235470341521869,3.0,-1.3139804687500027,-13.545867187500022,3.0,-0.9020117187500011,-12.898976562500014,0.06451612903225806,0.06451612903225806
1388,1485,0.12762133013780708,0.03235470341521869,4.0,-1.9130429687500028,-13.128101562500023,3.0,-0.9020117187500011,-12.898976562500014,0.1313364055299539,0.06451612903225806
1389,1393,0.03834631515877771,0.03235470341521869,3.0,-1.4704726562500028,-13.484242187500023,3.0,-0.9020117187500011,-12.898976562500014,0.06682027649769585,0.06451612903225806
1390,1114,0.07789095266626722,0.03235470341521869,2.0,-0.8138476562500028,-13.649648437500023,3.0,-0.9020117187500011,-12.898976562500014,0.0967741935483871,0.06451612903225806
1391,718,0.03894547633313361,0.03235470341521869,3.0,-1.4301914062500027,-13.455132812500024,3.0,-0.9020117187500011,-12.898976562500014,0.06912442396313365,0.06451612903225806
1392,511,0.08148591971240264,0.03235470341521869,2.0,-0.7266210937500026,-13.725195312500023,3.0,-0.9020117187500011,-12.898976562500014,0.10138248847926268,0.06451612903225806
1393,430,0.033553025763930495,0.03235470341521869,3.0,-1.2930703125000025,-13.486765625000023,3.0,-0.9020117187500011,-12.898976562500014,0.06451612903225806,0.06451612903225806
1394,1375,0.09706411024565609,0.03235470341521869,2.0,-0.5281523437500024,-13.735117187500023,3.0,-0.9020117187500011,-12.898976562500014,0.10829493087557604,0.06451612903225806
1395,557,0.033553025763930495,0.03235470341521869,3.0,-1.2449062500000023,-13.498453125000024,3.0,-0.9020117187500011,-12.898976562500014,0.06682027649769585,0.06451612903225806
1396,730,0.08148591971240264,0.03235470341521869,2.0,-0.7243320312500023,-13.706148437500024,3.0,-0.9020117187500011,-12.898976562500014,0.09907834101382489,0.06451612903225806
1397,466,0.040143798681845415,0.03235470341521869,3.0,-1.5112070312500023,-13.414898437500025,3.0,-0.9020117187500011,-12.898976562500014,0.06912442396313365,0.06451612903225806
1398,1613,0.0665068903535051,0.03235470341521869,2.0,-1.0155820312500023,-13.661179687500024,3.0,-0.9020117187500011,-12.898976562500014,0.09216589861751152,0.06451612903225806
1399,549,0.046734571599760334,0.03235470341521869,3.0,-1.6507539062500025,-13.302179687500024,3.0,-0.9020117187500011,-12.898976562500014,0.07373271889400922,0.06451612903225806
1400,778,0.0659077291791492,0.03235470341521869,2.0,-0.9921679687500025,-13.584085937500024,3.0,-0.9020117187500011,-12.898976562500014,0.09216589861751152,0.06451612903225806
1401,1445,0.050928699820251645,0.03235470341521869,3.0,-1.7497148437500025,-13.339710937500024,3.0,-0.9020117187500011,-12.898976562500014,0.06912442396313365,0.06451612903225806
1402,1435,0.14619532654284004,0.03235470341521869,4.0,-2.2091132812500023,-13.054054687500024,3.0,-0.9020117187500011,-12.898976562500014,0.14285714285714285,0.06451612903225806
1403,188,0.04493708807669263,0.03235470341521869,3.0,-1.6315312500000023,-13.398671875000023,3.0,-0.9020117187500011,-12.898976562500014,0.07373271889400922,0.06451612903225806
1404,83,0.07369682444577591,0.03235470341521869,2.0,-0.8317656250000023,-13.557906250000023,3.0,-0.9020117187500011,-12.898976562500014,0.0967741935483871,0.06451612903225806
1405,1465,0.046135410425404436,0.03235470341521869,3.0,-1.6234375000000023,-13.282531250000023,3.0,-0.9020117187500011,-12.898976562500014,0.07373271889400922,0.06451612903225806
1406,1130,0.1431995206710605,0.03235470341521869,4.0,-2.0453281250000024,-12.917625000000022,3.0,-0.9020117187500011,-12.898976562500014,0.14055299539170507,0.06451612903225806
1407,1510,0.035350509286998205,0.03235470341521869,3.0,-1.2433281250000023,-13.158843750000022,3.0,-0.9020117187500011,-12.898976562500014,0.06451612903225806,0.06451612903225806
1408,670,0.07968843618933494,0.03235470341521869,2.0,-0.7064101562500023,-13.435414062500023,3.0,-0.9020117187500011,-12.898976562500014,0.09907834101382489,0.06451612903225806
1409,379,0.03894547633313361,0.03235470341521869,3.0,-1.397992187500002,-13.165062500000023,3.0,-0.9020117187500011,-12.898976562500014,0.07142857142857142,0.06451612903225806
1410,840,0.08148591971240264,0.03235470341521869,2.0,-0.6653828125000021,-13.464312500000023,3.0,-0.9020117187500011,-12.898976562500014,0.09907834101382489,0.06451612903225806
1411,308,0.0341521869382864,0.03235470341521869,3.0,-1.219828125000002,-13.233687500000023,3.0,-0.9020117187500011,-12.898976562500014,0.06451612903225806,0.06451612903225806
1412,416,0.08388256440982625,0.03235470341521869,2.0,-0.624769531250002,-13.508195312500023,3.0,-0.9020117187500011,-12.898976562500014,0.10368663594470046,0.06451612903225806
1413,1289,0.039544637507489516,0.03235470341521869,3.0,-1.4761718750000021,-13.316593750000022,3.0,-0.9020117187500011,-12.898976562500014,0.06912442396313365,0.06451612903225806
1414,1593,0.07968843618933494,0.03235470341521869,2.0,-0.7429453125000022,-13.614375000000022,3.0,-0.9020117187500011,-12.898976562500014,0.09907834101382489,0.06451612903225806
1415,446,0.03714799281006591,0.03235470341521869,3.0,-1.3537070312500021,-13.382835937500023,3.0,-0.9020117187500011,-12.898976562500014,0.06912442396313365,0.06451612903225806
1416,416,0.07968843618933494,0.03235470341521869,2.0,-0.7586484375000021,-13.657343750000022,3.0,-0.9020117187500011,-12.898976562500014,0.09907834101382489,0.06451612903225806
1417,1474,0.03894547633313361,0.03235470341521869,3.0,-1.503160156250002,-13.427476562500022,3.0,-0.9020117187500011,-12.898976562500014,0.06912442396313365,0.06451612903225806
1418,868,0.07968843618933494,0.03235470341521869,2.0,-0.7867187500000021,-13.723687500000022,3.0,-0.9020117187500011,-12.898976562500014,0.09907834101382489,0.06451612903225806
1419,1190,0.03894547633313361,0.03235470341521869,3.0,-1.5542031250000021,-13.529453125000021,3.0,-0.9020117187500011,-12.898976562500014,0.06912442396313365,0.06451612903225806
1420,931,0.07189934092270821,0.03235470341521869,2.0,-0.9230507812500021,-13.821289062500021,3.0,-0.9020117187500011,-12.898976562500014,0.0944700460829493,0.06451612903225806
1421,1324,0.044337926902336726,0.03235470341521869,3.0,-1.684390625000002,-13.572031250000022,3.0,-0.9020117187500011,-12.898976562500014,0.07142857142857142,0.06451612903225806
1422,1435,0.1330137807070102,0.03235470341521869,4.0,-2.143789062500002,-13.286375000000021,3.0,-0.9020117187500011,-12.898976562500014,0.1359447004608295,0.06451612903225806
1423,101,0.046135410425404436,0.03235470341521869,3.0,-1.782695312500002,-13.608765625000022,3.0,-0.9020117187500011,-12.898976562500014,0.07373271889400922,0.06451612903225806
1424,794,0.0695026962252846,0.03235470341521869,2.0,-1.038539062500002,-13.919578125000022,3.0,-0.9020117187500011,-12.898976562500014,0.0944700460829493,0.06451612903225806
1425,1410,0.04493708807669263,0.03235470341521869,3.0,-1.785750000000002,-13.712296875000023,3.0,-0.9020117187500011,-12.898976562500014,0.07373271889400922,0.06451612903225806
1426,1380,0.06710605152786099,0.03235470341521869,2.0,-1.062710937500002,-13.965656250000023,3.0,-0.9020117187500011,-12.898976562500014,0.0944700460829493,0.06451612903225806
1427,1430,0.04134212103055722,0.03235470341521869,3.0,-1.678109375000002,-13.702468750000023,3.0,-0.9020117187500011,-12.898976562500014,0.06912442396313365,0.06451612903225806
1428,848,0.07249850209706411,0.03235470341521869,2.0,-0.9515976562500021,-13.988195312500023,3.0,-0.9020117187500011,-12.898976562500014,0.0967741935483871,0.06451612903225806
1429,421,0.04313960455362492,0.03235470341521869,3.0,-1.7383125000000021,-13.727203125000024,3.0,-0.9020117187500011,-12.898976562500014,0.06912442396313365,0.06451612903225806
1430,1599,0.07189934092270821,0.03235470341521869,2.0,-0.9867539062500021,-14.000617187500024,3.0,-0.9020117187500011,-12.898976562500014,0.0944700460829493,0.06451612903225806
1431,1569,0.044337926902336726,0.03235470341521869,3.0,-1.7992968750000022,-13.799343750000025,3.0,-0.9020117187500011,-12.898976562500014,0.06912442396313365,0.06451612903225806
1432,1132,0.05452366686638706,0.03235470341521869,2.0,-1.3322851562500022,-14.051273437500026,3.0,-0.9020117187500011,-12.898976562500014,0.08755760368663594,0.06451612903225806
1433,606,0.05452366686638706,0.03235470341521869,3.0,-2.072417968750002,-13.806570312500027,3.0,-0.9020117187500011,-12.898976562500014,0.06451612903225806,0.06451612903225806
1434,1510,0.05632115038945476,0.03235470341521869,2.0,-1.2704179687500021,-14.047789062500026,3.0,-0.9020117187500011,-12.898976562500014,0.08755760368663594,0.06451612903225806
1435,462,0.04793289394847214,0.03235470341521869,3.0,-1.899769531250002,-13.766179687500026,3.0,-0.9020117187500011,-12.898976562500014,0.07142857142857142,0.06451612903225806
1436,1593,0.06291192330736968,0.03235470341521869,2.0,-1.1665429687500022,-14.063960937500026,3.0,-0.9020117187500011,-12.898976562500014,0.09216589861751152,0.06451612903225806
1437,1324,0.04793289394847214,0.03235470341521869,3.0,-1.9278828125000023,-13.814703125000026,3.0,-0.9020117187500011,-12.898976562500014,0.06912442396313365,0.06451612903225806
1438,1342,0.059316956261234274,0.03235470341521869,2.0,-1.2389414062500022,-14.108835937500025,3.0,-0.9020117187500011,-12.898976562500014,0.08755760368663594,0.06451612903225806
1439,1241,0.04733373277411624,0.03235470341521869,3.0,-1.9120312500000023,-13.833046875000026,3.0,-0.9020117187500011,-12.898976562500014,0.07142857142857142,0.06451612903225806
1440,237,0.1431995206710605,0.03235470341521869,4.0,-2.4167460937500023,-13.477132812500026,3.0,-0.9020117187500011,-12.898976562500014,0.14055299539170507,0.06451612903225806
1441,113,0.04254044337926902,0.03235470341521869,3.0,-1.7758164062500021,-13.872835937500026,3.0,-0.9020117187500011,-12.898976562500014,0.06912442396313365,0.06451612903225806
1442,237,0.13121629718394248,0.03235470341521869,4.0,-2.280531250000002,-13.516921875000026,3.0,-0.9020117187500011,-12.898976562500014,0.1359447004608295,0.06451612903225806
1443,1559,0.03894547633313361,0.03235470341521869,3.0,-1.5206367187500018,-13.742804687500026,3.0,-0.9020117187500011,-12.898976562500014,0.06912442396313365,0.06451612903225806
1444,1002,0.08088675853804674,0.03235470341521869,2.0,-0.8101054687500018,-14.000710937500026,3.0,-0.9020117187500011,-12.898976562500014,0.09907834101382489,0.06451612903225806
1445,1540,0.0329538645895746,0.03235470341521869,3.0,-1.3578906250000018,-13.814765625000026,3.0,-0.9020117187500011,-12.898976562500014,0.06451612903225806,0.06451612903225806
1446,473,0.11563810665068903,0.03235470341521869,4.0,-1.9640976562500019,-13.527257812500027,3.0,-0.9020117187500011,-12.898976562500014,0.11981566820276497,0.06451612903225806
1447,941,0.03235470341521869,0.03235470341521869,3.0,-1.346613281250002,-13.865757812500027,3.0,-0.9020117187500011,-12.898976562500014,0.06221198156682028,0.06451612903225806
1448,642,0.09466746554823248,0.03235470341521869,2.0,-0.6566367187500021,-14.135757812500026,3.0,-0.9020117187500011,-12.898976562500014,0.10599078341013825,0.06451612903225806
1449,1336,0.03235470341521869,0.03235470341521869,3.0,-1.3733515625000021,-13.951437500000026,3.0,-0.9020117187500011,-12.898976562500014,0.06221198156682028,0.06451612903225806
1450,351,0.11983223487118035,0.03235470341521869,4.0,-2.080570312500002,-13.590406250000026,3.0,-0.9020117187500011,-12.898976562500014,0.12211981566820276,0.06451612903225806
1451,1240,0.0347513481126423,0.03235470341521869,3.0,-1.5592617187500022,-13.947382812500026,3.0,-0.9020117187500011,-12.898976562500014,0.06221198156682028,0.06451612903225806
1452,1375,0.08508088675853805,0.03235470341521869,2.0,-0.7943437500000021,-14.195734375000026,3.0,-0.9020117187500011,-12.898976562500014,0.10599078341013825,0.06451612903225806
1453,1190,0.0341521869382864,0.03235470341521869,3.0,-1.5618281250000021,-14.001500000000025,3.0,-0.9020117187500011,-12.898976562500014,0.06221198156682028,0.06451612903225806
1454,1485,0.12402636309167166,0.03235470341521869,4.0,-2.160890625000002,-13.583734375000025,3.0,-0.9020117187500011,-12.898976562500014,0.12672811059907835,0.06451612903225806
1455,1649,0.0347513481126423,0.03235470341521869,3.0,-1.5616835937500022,-13.934148437500026,3.0,-0.9020117187500011,-12.898976562500014,0.06451612903225806,0.06451612903225806
1456,222,0.11983223487118035,0.03235470341521869,4.0,-2.101488281250002,-13.632695312500026,3.0,-0.9020117187500011,-12.898976562500014,0.12211981566820276,0.06451612903225806
1457,1391,0.03714799281006591,0.03235470341521869,3.0,-1.6997421875000023,-13.982890625000026,3.0,-0.9020117187500011,-12.898976562500014,0.06682027649769585,0.06451612903225806
1458,838,0.07249850209706411,0.03235470341521869,2.0,-1.0185039062500023,-14.240070312500027,3.0,-0.9020117187500011,-12.898976562500014,0.0944700460829493,0.06451612903225806
1459,1435,0.0329538645895746,0.03235470341521869,3.0,-1.4779023437500023,-13.954414062500026,3.0,-0.9020117187500011,-12.898976562500014,0.06221198156682028,0.06451612903225806
1460,691,0.12103055721989216,0.03235470341521869,4.0,-2.108550781250002,-13.584539062500026,3.0,-0.9020117187500011,-12.898976562500014,0.12442396313364056,0.06451612903225806
1461,91,0.0347513481126423,0.03235470341521869,3.0,-1.4960585937500022,-13.821757812500026,3.0,-0.9020117187500011,-12.898976562500014,0.06451612903225806,0.06451612903225806
1462,1380,0.08388256440982625,0.03235470341521869,2.0,-0.7730195312500021,-14.075117187500027,3.0,-0.9020117187500011,-12.898976562500014,0.10368663594470046,0.06451612903225806
1463,241,0.033553025763930495,0.03235470341521869,3.0,-1.449308593750002,-13.853351562500027,3.0,-0.9020117187500011,-12.898976562500014,0.06221198156682028,0.06451612903225806
1464,778,0.08388256440982625,0.03235470341521869,2.0,-0.790722656250002,-14.135257812500027,3.0,-0.9020117187500011,-12.898976562500014,0.10368663594470046,0.06451612903225806
1465,1289,0.03894547633313361,0.03235470341521869,3.0,-1.642125000000002,-13.943656250000027,3.0,-0.9020117187500011,-12.898976562500014,0.06912442396313365,0.06451612903225806
1466,1158,0.13001797483523067,0.03235470341521869,4.0,-2.349273437500002,-13.643203125000026,3.0,-0.9020117187500011,-12.898976562500014,0.1359447004608295,0.06451612903225806
1467,83,0.03894547633313361,0.03235470341521869,3.0,-1.5495078125000021,-13.802437500000027,3.0,-0.9020117187500011,-12.898976562500014,0.06912442396313365,0.06451612903225806
1468,848,0.08088675853804674,0.03235470341521869,2.0,-0.8229960937500023,-14.088164062500027,3.0,-0.9020117187500011,-12.898976562500014,0.10138248847926268,0.06451612903225806
1469,147,0.0347513481126423,0.03235470341521869,3.0,-1.5398281250000023,-13.885015625000028,3.0,-0.9020117187500011,-12.898976562500014,0.06451612903225806,0.06451612903225806
1470,1613,0.0713001797483523,0.03235470341521869,2.0,-1.0442031250000023,-14.131296875000029,3.0,-0.9020117187500011,-12.898976562500014,0.0944700460829493,0.06451612903225806
1471,776,0.041941282204913125,0.03235470341521869,3.0,-1.7764375000000023,-13.918921875000029,3.0,-0.9020117187500011,-12.898976562500014,0.06912442396313365,0.06451612903225806
1472,740,0.056920311563810666,0.03235470341521869,2.0,-1.3038242187500022,-14.15860156250003,3.0,-0.9020117187500011,-12.898976562500014,0.08755760368663594,0.06451612903225806
1473,549,0.04913121629718394,0.03235470341521869,3.0,-1.9389960937500024,-13.79960156250003,3.0,-0.9020117187500011,-12.898976562500014,0.06912442396313365,0.06451612903225806
1474,1613,0.050928699820251645,0.03235470341521869,2.0,-1.4433710937500024,-14.045882812500029,3.0,-0.9020117187500011,-12.898976562500014,0.08064516129032258,0.06451612903225806
1475,1339,0.057519472738166565,0.03235470341521869,3.0,-2.2356953125000025,-13.782390625000028,3.0,-0.9020117187500011,-12.898976562500014,0.07142857142857142,0.06451612903225806
1476,793,0.04973037747153984,0.03235470341521869,2.0,-1.4797226562500025,-14.022992187500028,3.0,-0.9020117187500011,-12.898976562500014,0.07834101382488479,0.06451612903225806
1477,1333,0.04553624925104853,0.03235470341521869,3.0,-1.8486406250000025,-13.803546875000029,3.0,-0.9020117187500011,-12.898976562500014,0.07373271889400922,0.06451612903225806
1478,409,0.06530856800479329,0.03235470341521869,2.0,-1.1463085937500024,-14.108445312500029,3.0,-0.9020117187500011,-12.898976562500014,0.09216589861751152,0.06451612903225806
1479,530,0.04313960455362492,0.03235470341521869,3.0,-1.7058085937500025,-13.67169531250003,3.0,-0.9020117187500011,-12.898976562500014,0.06912442396313365,0.06451612903225806
1480,1209,0.0665068903535051,0.03235470341521869,2.0,-1.0792968750000025,-13.965656250000029,3.0,-0.9020117187500011,-12.898976562500014,0.0944700460829493,0.06451612903225806
1481,1396,0.044337926902336726,0.03235470341521869,3.0,-1.7649648437500025,-13.74619531250003,3.0,-0.9020117187500011,-12.898976562500014,0.06912442396313365,0.06451612903225806
1482,530,0.14379868184541642,0.03235470341521869,4.0,-2.3244648437500026,-13.30944531250003,3.0,-0.9020117187500011,-12.898976562500014,0.14055299539170507,0.06451612903225806
1483,866,0.04313960455362492,0.03235470341521869,3.0,-1.7083359375000027,-13.681015625000029,3.0,-0.9020117187500011,-12.898976562500014,0.06912442396313365,0.06451612903225806
1484,868,0.07189934092270821,0.03235470341521869,2.0,-0.9918945312500027,-13.977226562500029,3.0,-0.9020117187500011,-12.898976562500014,0.0944700460829493,0.06451612903225806
1485,1457,0.039544637507489516,0.03235470341521869,3.0,-1.6269140625000027,-13.686593750000029,3.0,-0.9020117187500011,-12.898976562500014,0.06912442396313365,0.06451612903225806
1486,1002,0.07549430796884361,0.03235470341521869,2.0,-0.9163828125000026,-13.944500000000028,3.0,-0.9020117187500011,-12.898976562500014,0.0967741935483871,0.06451612903225806
1487,799,0.040143798681845415,0.03235470341521869,3.0,-1.6572734375000027,-13.703421875000029,3.0,-0.9020117187500011,-12.898976562500014,0.06912442396313365,0.06451612903225806
1488,490,0.1396045536249251,0.03235470341521869,4.0,-2.2593320312500027,-13.371757812500029,3.0,-0.9020117187500011,-12.898976562500014,0.1382488479262673,0.06451612903225806
1489,866,0.03894547633313361,0.03235470341521869,3.0,-1.6432031250000028,-13.743328125000028,3.0,-0.9020117187500011,-12.898976562500014,0.06912442396313365,0.06451612903225806
1490,89,0.07549430796884361,0.03235470341521869,2.0,-0.9304062500000028,-14.009203125000028,3.0,-0.9020117187500011,-12.898976562500014,0.09907834101382489,0.06451612903225806
1491,1158,0.039544637507489516,0.03235470341521869,3.0,-1.6375546875000029,-13.708750000000027,3.0,-0.9020117187500011,-12.898976562500014,0.06912442396313365,0.06451612903225806
1492,1663,0.140203714799281,0.03235470341521869,4.0,-2.263316406250003,-13.340523437500027,3.0,-0.9020117187500011,-12.898976562500014,0.1382488479262673,0.06451612903225806
1493,981,0.03834631515877771,0.03235470341521869,3.0,-1.570804687500003,-13.660312500000027,3.0,-0.9020117187500011,-12.898976562500014,0.06682027649769585,0.06451612903225806
1494,1422,0.07968843618933494,0.03235470341521869,2.0,-0.812921875000003,-13.925218750000026,3.0,-0.9020117187500011,-12.898976562500014,0.09907834101382489,0.06451612903225806
1495,591,0.0341521869382864,0.03235470341521869,3.0,-1.429054687500003,-13.668625000000025,3.0,-0.9020117187500011,-12.898976562500014,0.06451612903225806,0.06451612903225806
1496,222,0.12103055721989216,0.03235470341521869,4.0,-1.968859375000003,-13.367171875000025,3.0,-0.9020117187500011,-12.898976562500014,0.12442396313364056,0.06451612903225806
1497,740,0.03894547633313361,0.03235470341521869,3.0,-1.496246093750003,-13.606851562500026,3.0,-0.9020117187500011,-12.898976562500014,0.06912442396313365,0.06451612903225806
1498,1485,0.1366087477531456,0.03235470341521869,4.0,-2.095308593750003,-13.189085937500026,3.0,-0.9020117187500011,-12.898976562500014,0.1359447004608295,0.06451612903225806
1499,1018,0.041941282204913125,0.03235470341521869,3.0,-1.619273437500003,-13.542812500000027,3.0,-0.9020117187500011,-12.898976562500014,0.06912442396313365,0.06451612903225806
1500,525,0.14439784301977232,0.03235470341521869,4.0,-2.264992187500003,-13.184140625000026,3.0,-0.9020117187500011,-12.898976562500014,0.14285714285714285,0.06451612903225806
1501,1209,0.04373876572798083,0.03235470341521869,3.0,-1.638480468750003,-13.478101562500026,3.0,-0.9020117187500011,-12.898976562500014,0.07142857142857142,0.06451612903225806
1502,511,0.07189934092270821,0.03235470341521869,2.0,-0.9349101562500028,-13.748164062500026,3.0,-0.9020117187500011,-12.898976562500014,0.0944700460829493,0.06451612903225806
1503,421,0.046135410425404436,0.03235470341521869,3.0,-1.7216250000000028,-13.487171875000026,3.0,-0.9020117187500011,-12.898976562500014,0.07373271889400922,0.06451612903225806
1504,1192,0.06291192330736968,0.03235470341521869,2.0,-1.0723359375000028,-13.779218750000027,3.0,-0.9020117187500011,-12.898976562500014,0.09216589861751152,0.06451612903225806
1505,462,0.04493708807669263,0.03235470341521869,3.0,-1.7016875000000027,-13.497609375000026,3.0,-0.9020117187500011,-12.898976562500014,0.07373271889400922,0.06451612903225806
1506,1160,0.07070101857399641,0.03235470341521869,2.0,-0.9759960937500027,-13.803820312500026,3.0,-0.9020117187500011,-12.898976562500014,0.0944700460829493,0.06451612903225806
1507,1666,0.039544637507489516,0.03235470341521869,3.0,-1.5857890625000026,-13.587437500000027,3.0,-0.9020117187500011,-12.898976562500014,0.06912442396313365,0.06451612903225806
1508,1435,0.12822049131216298,0.03235470341521869,4.0,-2.0451875000000026,-13.301781250000026,3.0,-0.9020117187500011,-12.898976562500014,0.1313364055299539,0.06451612903225806
1509,1257,0.033553025763930495,0.03235470341521869,3.0,-1.3604687500000026,-13.607781250000027,3.0,-0.9020117187500011,-12.898976562500014,0.06451612903225806,0.06451612903225806
1510,222,0.11983223487118035,0.03235470341521869,4.0,-1.9002734375000025,-13.306328125000027,3.0,-0.9020117187500011,-12.898976562500014,0.12442396313364056,0.06451612903225806
1511,941,0.0329538645895746,0.03235470341521869,3.0,-1.2827890625000027,-13.644828125000027,3.0,-0.9020117187500011,-12.898976562500014,0.06682027649769585,0.06451612903225806
1512,1375,0.10365488316357101,0.03235470341521869,2.0,-0.5178710937500026,-13.893179687500027,3.0,-0.9020117187500011,-12.898976562500014,0.11059907834101383,0.06451612903225806
1513,1485,0.0341521869382864,0.03235470341521869,3.0,-1.1169335937500027,-13.475414062500027,3.0,-0.9020117187500011,-12.898976562500014,0.06682027649769585,0.06451612903225806
1514,730,0.08987417615338526,0.03235470341521869,2.0,-0.5963593750000027,-13.683109375000027,3.0,-0.9020117187500011,-12.898976562500014,0.10599078341013825,0.06451612903225806
1515,396,0.033553025763930495,0.03235470341521869,3.0,-1.2573789062500027,-13.492007812500027,3.0,-0.9020117187500011,-12.898976562500014,0.06451612903225806,0.06451612903225806
1516,525,0.12702216896345117,0.03235470341521869,4.0,-1.9030976562500026,-13.133335937500027,3.0,-0.9020117187500011,-12.898976562500014,0.1313364055299539,0.06451612903225806
1517,794,0.0329538645895746,0.03235470341521869,3.0,-1.1589414062500025,-13.444148437500028,3.0,-0.9020117187500011,-12.898976562500014,0.06451612903225806,0.06451612903225806
1518,1158,0.12402636309167166,0.03235470341521869,4.0,-1.8660898437500024,-13.143695312500027,3.0,-0.9020117187500011,-12.898976562500014,0.12672811059907835,0.06451612903225806
1519,251,0.0329538645895746,0.03235470341521869,3.0,-1.2017265625000024,-13.450140625000026,3.0,-0.9020117187500011,-12.898976562500014,0.06682027649769585,0.06451612903225806
1520,1485,0.12402636309167166,0.03235470341521869,4.0,-1.8007890625000025,-13.032375000000027,3.0,-0.9020117187500011,-12.898976562500014,0.12903225806451613,0.06451612903225806
1521,1610,0.0329538645895746,0.03235470341521869,3.0,-1.1780312500000025,-13.418843750000027,3.0,-0.9020117187500011,-12.898976562500014,0.06451612903225806,0.06451612903225806
1522,511,0.1024565608148592,0.03235470341521869,2.0,-0.4744609375000024,-13.688906250000027,3.0,-0.9020117187500011,-12.898976562500014,0.11059907834101383,0.06451612903225806
1523,1495,0.03235470341521869,0.03235470341521869,3.0,-1.1675703125000023,-13.500531250000027,3.0,-0.9020117187500011,-12.898976562500014,0.06451612903225806,0.06451612903225806
1524,237,0.11384062312762133,0.03235470341521869,4.0,-1.6722851562500023,-13.144617187500026,3.0,-0.9020117187500011,-12.898976562500014,0.11981566820276497,0.06451612903225806
1525,325,0.0347513481126423,0.03235470341521869,3.0,-1.0116406250000023,-13.468203125000027,3.0,-0.9020117187500011,-12.898976562500014,0.06221198156682028,0.06451612903225806
1526,1663,0.11384062312762133,0.03235470341521869,4.0,-1.6374023437500023,-13.099976562500027,3.0,-0.9020117187500011,-12.898976562500014,0.11981566820276497,0.06451612903225806
1527,999,0.0347513481126423,0.03235470341521869,3.0,-0.9815156250000023,-13.445468750000027,3.0,-0.9020117187500011,-12.898976562500014,0.06221198156682028,0.06451612903225806
1528,1589,0.11084481725584182,0.03235470341521869,4.0,-1.6076171875000025,-13.169156250000027,3.0,-0.9020117187500011,-12.898976562500014,0.1175115207373272,0.06451612903225806
1529,914,0.0347513481126423,0.03235470341521869,3.0,-1.0882617187500025,-13.506023437500026,3.0,-0.9020117187500011,-12.898976562500014,0.06451612903225806,0.06451612903225806
1530,473,0.11324146195326543,0.03235470341521869,4.0,-1.6944687500000026,-13.218515625000027,3.0,-0.9020117187500011,-12.898976562500014,0.11981566820276497,0.06451612903225806
1531,530,0.2468544038346315,0.03235470341521869,5.0,-2.253968750000003,-12.781765625000027,3.0,-0.9020117187500011,-12.898976562500014,0.27419354838709675,0.06451612903225806
1532,1342,0.11204313960455363,0.03235470341521869,4.0,-1.5650273437500029,-13.075898437500026,3.0,-0.9020117187500011,-12.898976562500014,0.11981566820276497,0.06451612903225806
1533,109,0.035949670461354104,0.03235470341521869,3.0,-0.9198789062500028,-13.452414062500026,3.0,-0.9020117187500011,-12.898976562500014,0.06682027649769585,0.06451612903225806
1534,122,0.1060515278609946,0.03235470341521869,4.0,-1.5265742187500027,-13.160398437500026,3.0,-0.9020117187500011,-12.898976562500014,0.1152073732718894,0.06451612903225806
1535,1038,0.035350509286998205,0.03235470341521869,3.0,-0.9447539062500027,-13.527789062500027,3.0,-0.9020117187500011,-12.898976562500014,0.06451612903225806,0.06451612903225806
1536,1579,0.1048532055122828,0.03235470341521869,4.0,-1.5624218750000027,-13.238671875000026,3.0,-0.9020117187500011,-12.898976562500014,0.1152073732718894,0.06451612903225806
1537,511,0.035350509286998205,0.03235470341521869,3.0,-0.8588515625000026,-13.508734375000026,3.0,-0.9020117187500011,-12.898976562500014,0.06451612903225806,0.06451612903225806
1538,1422,0.13421210305572198,0.03235470341521869,2.0,-0.1009687500000026,-13.773640625000025,3.0,-0.9020117187500011,-12.898976562500014,0.12903225806451613,0.06451612903225806
1539,1220,0.037747153984421807,0.03235470341521869,3.0,-0.7069062500000026,-13.549500000000025,3.0,-0.9020117187500011,-12.898976562500014,0.06682027649769585,0.06451612903225806
1540,405,0.09167165967645297,0.03235470341521869,4.0,-1.2617890625000028,-13.280859375000025,3.0,-0.9020117187500011,-12.898976562500014,0.10599078341013825,0.06451612903225806
1541,1145,0.03654883163571001,0.03235470341521869,3.0,-0.6284414062500028,-13.631007812500025,3.0,-0.9020117187500011,-12.898976562500014,0.06451612903225806,0.06451612903225806
1542,490,0.08807669263031756,0.03235470341521869,4.0,-1.2305000000000028,-13.299343750000025,3.0,-0.9020117187500011,-12.898976562500014,0.10138248847926268,0.06451612903225806
1543,942,0.0347513481126423,0.03235470341521869,3.0,-0.5421015625000027,-13.643546875000025,3.0,-0.9020117187500011,-12.898976562500014,0.06682027649769585,0.06451612903225806
1544,1114,0.15817855002995806,0.03235470341521869,2.0,0.11452343749999727,-13.808953125000025,3.0,-0.9020117187500011,-12.898976562500014,0.1497695852534562,0.06451612903225806
1545,312,0.035350509286998205,0.03235470341521869,3.0,-0.6122773437500028,-13.641476562500026,3.0,-0.9020117187500011,-12.898976562500014,0.06451612903225806,0.06451612903225806
1546,525,0.09107249850209706,0.03235470341521869,4.0,-1.2579960937500028,-13.282804687500025,3.0,-0.9020117187500011,-12.898976562500014,0.10368663594470046,0.06451612903225806
1547,1144,0.03654883163571001,0.03235470341521869,3.0,-0.6479218750000028,-13.602015625000025,3.0,-0.9020117187500011,-12.898976562500014,0.06451612903225806,0.06451612903225806
1548,1375,0.15937687237866988,0.03235470341521869,2.0,0.11699609374999731,-13.850367187500025,3.0,-0.9020117187500011,-12.898976562500014,0.1497695852534562,0.06451612903225806
1549,358,0.037747153984421807,0.03235470341521869,3.0,-0.38145312500000267,-13.686203125000025,3.0,-0.9020117187500011,-12.898976562500014,0.06682027649769585,0.06451612903225806
1550,1114,0.17974835230677053,0.03235470341521869,2.0,0.27517187499999735,-13.851609375000026,3.0,-0.9020117187500011,-12.898976562500014,0.17972350230414746,0.06451612903225806
1551,222,0.03834631515877771,0.03235470341521869,3.0,-0.26463281250000265,-13.550156250000025,3.0,-0.9020117187500011,-12.898976562500014,0.06912442396313365,0.06451612903225806
1552,405,0.07549430796884361,0.03235470341521869,4.0,-0.8195156250000026,-13.281515625000026,3.0,-0.9020117187500011,-12.898976562500014,0.08064516129032258,0.06451612903225806
1553,1554,0.03834631515877771,0.03235470341521869,3.0,-0.2372187500000026,-13.470343750000026,3.0,-0.9020117187500011,-12.898976562500014,0.06912442396313365,0.06451612903225806
1554,1114,0.19233073696824446,0.03235470341521869,2.0,0.4194062499999974,-13.635750000000026,3.0,-0.9020117187500011,-12.898976562500014,0.20046082949308755,0.06451612903225806
1555,1537,0.03834631515877771,0.03235470341521869,3.0,-0.23937109375000254,-13.505351562500026,3.0,-0.9020117187500011,-12.898976562500014,0.06912442396313365,0.06451612903225806
1556,6,0.08328340323547034,0.03235470341521869,4.0,-0.9552851562500025,-13.157882812500027,3.0,-0.9020117187500011,-12.898976562500014,0.08064516129032258,0.06451612903225806
1557,237,0.2097064110245656,0.03235470341521869,5.0,-1.4600000000000026,-12.801968750000027,3.0,-0.9020117187500011,-12.898976562500014,0.23732718894009217,0.06451612903225806
1558,132,0.07609346914319952,0.03235470341521869,4.0,-0.7946289062500027,-13.215867187500027,3.0,-0.9020117187500011,-12.898976562500014,0.08064516129032258,0.06451612903225806
1559,656,0.03834631515877771,0.03235470341521869,3.0,-0.23909375000000277,-13.548906250000027,3.0,-0.9020117187500011,-12.898976562500014,0.07142857142857142,0.06451612903225806
1560,272,0.07669263031755542,0.03235470341521869,4.0,-0.8978398437500028,-13.302039062500027,3.0,-0.9020117187500011,-12.898976562500014,0.08064516129032258,0.06451612903225806
1561,847,0.041941282204913125,0.03235470341521869,3.0,-0.1690000000000027,-13.597750000000026,3.0,-0.9020117187500011,-12.898976562500014,0.06912442396313365,0.06451612903225806
1562,490,0.07429598562013182,0.03235470341521869,4.0,-0.7710585937500027,-13.266085937500026,3.0,-0.9020117187500011,-12.898976562500014,0.08064516129032258,0.06451612903225806
1563,1130,0.19472738166566805,0.03235470341521869,5.0,-1.1929492187500028,-12.901179687500026,3.0,-0.9020117187500011,-12.898976562500014,0.21428571428571427,0.06451612903225806
1564,12,0.06411024565608149,0.03235470341521869,4.0,-0.47648046875000283,-13.239195312500026,3.0,-0.9020117187500011,-12.898976562500014,0.08294930875576037,0.06451612903225806
1565,832,0.052726183343319355,0.03235470341521869,3.0,0.18502343749999728,-13.547000000000025,3.0,-0.9020117187500011,-12.898976562500014,0.07834101382488479,0.06451612903225806
1566,1554,0.2618334331935291,0.03235470341521869,2.0,0.7673203124999973,-13.735828125000026,3.0,-0.9020117187500011,-12.898976562500014,0.25806451612903225,0.06451612903225806
1567,1412,0.053325344517675254,0.03235470341521869,3.0,0.1837695312499973,-13.614789062500027,3.0,-0.9020117187500011,-12.898976562500014,0.07834101382488479,0.06451612903225806
1568,403,0.05452366686638706,0.03235470341521869,4.0,-0.3049179687500027,-13.395054687500027,3.0,-0.9020117187500011,-12.898976562500014,0.07603686635944701,0.06451612903225806
1569,439,0.061713600958657876,0.03235470341521869,3.0,0.37750781249999726,-13.651468750000026,3.0,-0.9020117187500011,-12.898976562500014,0.08986175115207373,0.06451612903225806
1570,430,0.04733373277411624,0.03235470341521869,4.0,-0.18894140625000272,-13.413039062500026,3.0,-0.9020117187500011,-12.898976562500014,0.07834101382488479,0.06451612903225806
1571,1480,0.06111443978430198,0.03235470341521869,3.0,0.35818749999999727,-13.709406250000026,3.0,-0.9020117187500011,-12.898976562500014,0.08986175115207373,0.06451612903225806
1572,525,0.05452366686638706,0.03235470341521869,4.0,-0.28753125000000274,-13.350734375000025,3.0,-0.9020117187500011,-12.898976562500014,0.07603686635944701,0.06451612903225806
1573,315,0.061713600958657876,0.03235470341521869,3.0,0.3918437499999972,-13.642984375000024,3.0,-0.9020117187500011,-12.898976562500014,0.08986175115207373,0.06451612903225806
1574,1567,0.05512282804074296,0.03235470341521869,4.0,-0.35375781250000277,-13.377578125000024,3.0,-0.9020117187500011,-12.898976562500014,0.07834101382488479,0.06451612903225806
1575,1256,0.05991611743559017,0.03235470341521869,3.0,0.3209882812499973,-13.689617187500025,3.0,-0.9020117187500011,-12.898976562500014,0.08294930875576037,0.06451612903225806
1576,491,0.274415817855003,0.03235470341521869,2.0,0.8194179687499972,-13.830023437500024,3.0,-0.9020117187500011,-12.898976562500014,0.271889400921659,0.06451612903225806
1577,1068,0.05572198921509886,0.03235470341521869,3.0,0.17397656249999716,-13.716515625000024,3.0,-0.9020117187500011,-12.898976562500014,0.08064516129032258,0.06451612903225806
1578,557,0.06051527860994608,0.03235470341521869,4.0,-0.5427773437500029,-13.479851562500025,3.0,-0.9020117187500011,-12.898976562500014,0.08064516129032258,0.06451612903225806
1579,40,0.04733373277411624,0.03235470341521869,3.0,-0.05369531250000287,-13.779796875000025,3.0,-0.9020117187500011,-12.898976562500014,0.07373271889400922,0.06451612903225806
1580,436,0.06351108448172559,0.03235470341521869,4.0,-0.6485742187500028,-13.555382812500026,3.0,-0.9020117187500011,-12.898976562500014,0.08064516129032258,0.06451612903225806
1581,806,0.04793289394847214,0.03235470341521869,3.0,-0.033515625000002824,-13.803421875000026,3.0,-0.9020117187500011,-12.898976562500014,0.07373271889400922,0.06451612903225806
1582,1609,0.05392450569203116,0.03235470341521869,4.0,-0.33037109375000284,-13.507507812500027,3.0,-0.9020117187500011,-12.898976562500014,0.07603686635944701,0.06451612903225806
1583,848,0.06411024565608149,0.03235470341521869,3.0,0.396140624999997,-13.793234375000027,3.0,-0.9020117187500011,-12.898976562500014,0.09216589861751152,0.06451612903225806
1584,525,0.05032953864589575,0.03235470341521869,4.0,-0.24957812500000298,-13.434562500000027,3.0,-0.9020117187500011,-12.898976562500014,0.07834101382488479,0.06451612903225806
1585,315,0.06470940683043738,0.03235470341521869,3.0,0.42979687499999697,-13.726812500000026,3.0,-0.9020117187500011,-12.898976562500014,0.09216589861751152,0.06451612903225806
1586,147,0.05032953864589575,0.03235470341521869,4.0,-0.2870351562500031,-13.523664062500027,3.0,-0.9020117187500011,-12.898976562500014,0.07834101382488479,0.06451612903225806
1587,948,0.1695626123427202,0.03235470341521869,5.0,-0.9188671875000031,-13.210203125000026,3.0,-0.9020117187500011,-12.898976562500014,0.18663594470046083,0.06451612903225806
1588,1090,0.044337926902336726,0.03235470341521869,4.0,-0.17792578125000302,-13.601664062500026,3.0,-0.9020117187500011,-12.898976562500014,0.07834101382488479,0.06451612903225806
1589,1003,0.07070101857399641,0.03235470341521869,3.0,0.462078124999997,-13.898484375000026,3.0,-0.9020117187500011,-12.898976562500014,0.0944700460829493,0.06451612903225806
1590,1241,0.044337926902336726,0.03235470341521869,4.0,-0.21101171875000302,-13.622695312500026,3.0,-0.9020117187500011,-12.898976562500014,0.07834101382488479,0.06451612903225806
1591,351,0.1665668064709407,0.03235470341521869,5.0,-0.918230468750003,-13.261664062500026,3.0,-0.9020117187500011,-12.898976562500014,0.18433179723502305,0.06451612903225806
1592,714,0.04493708807669263,0.03235470341521869,4.0,-0.23873437500000305,-13.643093750000027,3.0,-0.9020117187500011,-12.898976562500014,0.07834101382488479,0.06451612903225806
1593,847,0.07249850209706411,0.03235470341521869,3.0,0.49010546874999705,-13.938804687500028,3.0,-0.9020117187500011,-12.898976562500014,0.0944700460829493,0.06451612903225806
1594,367,0.04254044337926902,0.03235470341521869,4.0,-0.17381640625000294,-13.711164062500028,3.0,-0.9020117187500011,-12.898976562500014,0.08064516129032258,0.06451612903225806
1595,1119,0.07070101857399641,0.03235470341521869,3.0,0.4489140624999971,-13.980921875000028,3.0,-0.9020117187500011,-12.898976562500014,0.0944700460829493,0.06451612903225806
1596,557,0.044337926902336726,0.03235470341521869,4.0,-0.2678398437500029,-13.74425781250003,3.0,-0.9020117187500011,-12.898976562500014,0.07834101382488479,0.06451612903225806
1597,1440,0.05632115038945476,0.03235470341521869,3.0,0.1539453124999971,-14.02279687500003,3.0,-0.9020117187500011,-12.898976562500014,0.08064516129032258,0.06451612903225806
1598,606,0.05632115038945476,0.03235470341521869,4.0,-0.5861875000000029,-13.77809375000003,3.0,-0.9020117187500011,-12.898976562500014,0.07373271889400922,0.06451612903225806
1599,530,0.17555422408627921,0.03235470341521869,5.0,-1.1456875000000029,-13.34134375000003,3.0,-0.9020117187500011,-12.898976562500014,0.1935483870967742,0.06451612903225806
1600,1645,0.06051527860994608,0.03235470341521869,4.0,-0.6708007812500029,-13.736148437500031,3.0,-0.9020117187500011,-12.898976562500014,0.07834101382488479,0.06451612903225806
1601,1613,0.04553624925104853,0.03235470341521869,3.0,-0.17517578125000288,-13.98242968750003,3.0,-0.9020117187500011,-12.898976562500014,0.07142857142857142,0.06451612903225806
1602,1457,0.0677052127022169,0.03235470341521869,4.0,-0.8101953125000029,-13.69179687500003,3.0,-0.9020117187500011,-12.898976562500014,0.08525345622119816,0.06451612903225806
1603,868,0.048532055122828044,0.03235470341521869,3.0,-0.0937539062500029,-13.98800781250003,3.0,-0.9020117187500011,-12.898976562500014,0.07373271889400922,0.06451612903225806
1604,1013,0.0701018573996405,0.03235470341521869,4.0,-0.8740312500000029,-13.76667187500003,3.0,-0.9020117187500011,-12.898976562500014,0.08525345622119816,0.06451612903225806
1605,409,0.046734571599760334,0.03235470341521869,3.0,-0.17169921875000294,-14.07157031250003,3.0,-0.9020117187500011,-12.898976562500014,0.07373271889400922,0.06451612903225806
1606,351,0.0713001797483523,0.03235470341521869,4.0,-0.8789179687500029,-13.71053906250003,3.0,-0.9020117187500011,-12.898976562500014,0.08294930875576037,0.06451612903225806
1607,1440,0.03714799281006591,0.03235470341521869,3.0,-0.4571328125000029,-13.989078125000031,3.0,-0.9020117187500011,-12.898976562500014,0.07142857142857142,0.06451612903225806
1608,1241,0.07729179149191133,0.03235470341521869,4.0,-1.130222656250003,-13.713289062500031,3.0,-0.9020117187500011,-12.898976562500014,0.07834101382488479,0.06451612903225806
1609,876,0.03654883163571001,0.03235470341521869,3.0,-0.805058593750003,-14.031351562500031,3.0,-0.9020117187500011,-12.898976562500014,0.06451612903225806,0.06451612903225806
1610,1382,0.09047333732774117,0.03235470341521869,4.0,-1.535468750000003,-13.76229687500003,3.0,-0.9020117187500011,-12.898976562500014,0.09907834101382489,0.06451612903225806
1611,340,0.03714799281006591,0.03235470341521869,3.0,-0.945878906250003,-14.07603906250003,3.0,-0.9020117187500011,-12.898976562500014,0.06682027649769585,0.06451612903225806
1612,122,0.09047333732774117,0.03235470341521869,4.0,-1.552574218750003,-13.78402343750003,3.0,-0.9020117187500011,-12.898976562500014,0.09907834101382489,0.06451612903225806
1613,941,0.03654883163571001,0.03235470341521869,3.0,-0.9350898437500029,-14.12252343750003,3.0,-0.9020117187500011,-12.898976562500014,0.06682027649769585,0.06451612903225806
1614,691,0.09167165967645297,0.03235470341521869,4.0,-1.565738281250003,-13.75264843750003,3.0,-0.9020117187500011,-12.898976562500014,0.10138248847926268,0.06451612903225806
1615,511,0.035949670461354104,0.03235470341521869,3.0,-0.8621679687500028,-14.02271093750003,3.0,-0.9020117187500011,-12.898976562500014,0.06451612903225806,0.06451612903225806
1616,525,0.09107249850209706,0.03235470341521869,4.0,-1.5078867187500027,-13.664039062500029,3.0,-0.9020117187500011,-12.898976562500014,0.10138248847926268,0.06451612903225806
1617,518,0.03714799281006591,0.03235470341521869,3.0,-0.9151328125000027,-13.993906250000029,3.0,-0.9020117187500011,-12.898976562500014,0.06682027649769585,0.06451612903225806
1618,1002,0.1354104254044338,0.03235470341521869,2.0,-0.2046015625000026,-14.251812500000028,3.0,-0.9020117187500011,-12.898976562500014,0.12903225806451613,0.06451612903225806
1619,702,0.035350509286998205,0.03235470341521869,3.0,-1.0200937500000027,-14.008875000000028,3.0,-0.9020117187500011,-12.898976562500014,0.06451612903225806,0.06451612903225806
1620,1130,0.08867585380467345,0.03235470341521869,4.0,-1.4419843750000028,-13.643968750000028,3.0,-0.9020117187500011,-12.898976562500014,0.09907834101382489,0.06451612903225806
1621,40,0.035949670461354104,0.03235470341521869,3.0,-0.9529023437500028,-13.943914062500028,3.0,-0.9020117187500011,-12.898976562500014,0.06682027649769585,0.06451612903225806
1622,379,0.09706411024565609,0.03235470341521869,4.0,-1.6444843750000029,-13.673562500000028,3.0,-0.9020117187500011,-12.898976562500014,0.11059907834101383,0.06451612903225806
1623,778,0.035350509286998205,0.03235470341521869,3.0,-0.9858984375000028,-13.955468750000028,3.0,-0.9020117187500011,-12.898976562500014,0.06451612903225806,0.06451612903225806
1624,806,0.12222887956860395,0.03235470341521869,2.0,-0.3708398437500029,-14.203507812500028,3.0,-0.9020117187500011,-12.898976562500014,0.12442396313364056,0.06451612903225806
1625,1388,0.03714799281006591,0.03235470341521869,3.0,-0.933187500000003,-14.042312500000028,3.0,-0.9020117187500011,-12.898976562500014,0.06682027649769585,0.06451612903225806
1626,1663,0.09346914319952067,0.03235470341521869,4.0,-1.558949218750003,-13.674085937500028,3.0,-0.9020117187500011,-12.898976562500014,0.10829493087557604,0.06451612903225806
1627,70,0.035350509286998205,0.03235470341521869,3.0,-1.0005937500000028,-13.999171875000028,3.0,-0.9020117187500011,-12.898976562500014,0.06451612903225806,0.06451612903225806
1628,6,0.09766327142001198,0.03235470341521869,4.0,-1.7165078125000028,-13.65170312500003,3.0,-0.9020117187500011,-12.898976562500014,0.11290322580645161,0.06451612903225806
1629,1440,0.0347513481126423,0.03235470341521869,3.0,-1.294722656250003,-13.93024218750003,3.0,-0.9020117187500011,-12.898976562500014,0.06221198156682028,0.06451612903225806
1630,530,0.11324146195326543,0.03235470341521869,4.0,-1.854222656250003,-13.49349218750003,3.0,-0.9020117187500011,-12.898976562500014,0.1175115207373272,0.06451612903225806
1631,1486,0.03235470341521869,0.03235470341521869,3.0,-1.333507812500003,-13.84851562500003,3.0,-0.9020117187500011,-12.898976562500014,0.06221198156682028,0.06451612903225806
1632,530,0.11683642899940083,0.03235470341521869,4.0,-1.8930078125000032,-13.41176562500003,3.0,-0.9020117187500011,-12.898976562500014,0.12211981566820276,0.06451612903225806
1633,1305,0.03894547633313361,0.03235470341521869,3.0,-1.5318750000000032,-13.71420312500003,3.0,-0.9020117187500011,-12.898976562500014,0.06912442396313365,0.06451612903225806
1634,722,0.13001797483523067,0.03235470341521869,4.0,-2.164871093750003,-13.395632812500029,3.0,-0.9020117187500011,-12.898976562500014,0.1336405529953917,0.06451612903225806
1635,91,0.03834631515877771,0.03235470341521869,3.0,-1.552378906250003,-13.63285156250003,3.0,-0.9020117187500011,-12.898976562500014,0.06682027649769585,0.06451612903225806
1636,1485,0.1390053924505692,0.03235470341521869,4.0,-2.151441406250003,-13.21508593750003,3.0,-0.9020117187500011,-12.898976562500014,0.1382488479262673,0.06451612903225806
1637,260,0.03834631515877771,0.03235470341521869,3.0,-1.522781250000003,-13.55967187500003,3.0,-0.9020117187500011,-12.898976562500014,0.06682027649769585,0.06451612903225806
1638,778,0.07849011384062313,0.03235470341521869,2.0,-0.864195312500003,-13.84157812500003,3.0,-0.9020117187500011,-12.898976562500014,0.09907834101382489,0.06451612903225806
1639,407,0.039544637507489516,0.03235470341521869,3.0,-1.539851562500003,-13.46989062500003,3.0,-0.9020117187500011,-12.898976562500014,0.06912442396313365,0.06451612903225806
1640,1510,0.08028759736369083,0.03235470341521869,2.0,-0.7378515625000032,-13.71110937500003,3.0,-0.9020117187500011,-12.898976562500014,0.09907834101382489,0.06451612903225806
1641,526,0.04254044337926902,0.03235470341521869,3.0,-1.602582031250003,-13.47442968750003,3.0,-0.9020117187500011,-12.898976562500014,0.07142857142857142,0.06451612903225806
1642,883,0.06710605152786099,0.03235470341521869,2.0,-1.0031835937500029,-13.764335937500029,3.0,-0.9020117187500011,-12.898976562500014,0.0944700460829493,0.06451612903225806
1643,112,0.04793289394847214,0.03235470341521869,3.0,-1.7815976562500029,-13.501398437500029,3.0,-0.9020117187500011,-12.898976562500014,0.07373271889400922,0.06451612903225806
1644,778,0.06051527860994608,0.03235470341521869,2.0,-1.1230117187500028,-13.78330468750003,3.0,-0.9020117187500011,-12.898976562500014,0.08755760368663594,0.06451612903225806
1645,272,0.04793289394847214,0.03235470341521869,3.0,-1.7817578125000029,-13.53643750000003,3.0,-0.9020117187500011,-12.898976562500014,0.07142857142857142,0.06451612903225806
1646,525,0.15098861593768723,0.03235470341521869,4.0,-2.427476562500003,-13.17776562500003,3.0,-0.9020117187500011,-12.898976562500014,0.15898617511520738,0.06451612903225806
1647,200,0.05632115038945476,0.03235470341521869,3.0,-2.0465507812500032,-13.550398437500029,3.0,-0.9020117187500011,-12.898976562500014,0.06912442396313365,0.06451612903225806
1648,1422,0.052726183343319355,0.03235470341521869,2.0,-1.2886679687500031,-13.815304687500028,3.0,-0.9020117187500011,-12.898976562500014,0.08294930875576037,0.06451612903225806
1649,1485,0.05572198921509886,0.03235470341521869,3.0,-1.8877304687500032,-13.397539062500028,3.0,-0.9020117187500011,-12.898976562500014,0.06682027649769585,0.06451612903225806
1650,1002,0.05512282804074296,0.03235470341521869,2.0,-1.177199218750003,-13.655445312500028,3.0,-0.9020117187500011,-12.898976562500014,0.08755760368663594,0.06451612903225806
1651,722,0.05392450569203116,0.03235470341521869,3.0,-1.810195312500003,-13.336875000000028,3.0,-0.9020117187500011,-12.898976562500014,0.06451612903225806,0.06451612903225806
1652,417,0.053325344517675254,0.03235470341521869,2.0,-1.229312500000003,-13.636328125000027,3.0,-0.9020117187500011,-12.898976562500014,0.08294930875576037,0.06451612903225806
1653,824,0.05632115038945476,0.03235470341521869,3.0,-1.9965195312500028,-13.403257812500026,3.0,-0.9020117187500011,-12.898976562500014,0.06912442396313365,0.06451612903225806
1654,313,0.05152786099460755,0.03235470341521869,2.0,-1.2910625000000029,-13.718906250000027,3.0,-0.9020117187500011,-12.898976562500014,0.08294930875576037,0.06451612903225806
1655,613,0.05811863391252247,0.03235470341521869,3.0,-2.1008085937500027,-13.492007812500027,3.0,-0.9020117187500011,-12.898976562500014,0.07142857142857142,0.06451612903225806
1656,313,0.05032953864589575,0.03235470341521869,2.0,-1.3953515625000028,-13.807656250000027,3.0,-0.9020117187500011,-12.898976562500014,0.07834101382488479,0.06451612903225806
1657,237,0.05452366686638706,0.03235470341521869,3.0,-1.9000664062500028,-13.451742187500027,3.0,-0.9020117187500011,-12.898976562500014,0.06451612903225806,0.06451612903225806
1658,1485,0.15817855002995806,0.03235470341521869,4.0,-2.499128906250003,-13.033976562500028,3.0,-0.9020117187500011,-12.898976562500014,0.17050691244239632,0.06451612903225806
1659,832,0.05452366686638706,0.03235470341521869,3.0,-1.8376250000000027,-13.341781250000029,3.0,-0.9020117187500011,-12.898976562500014,0.06451612903225806,0.06451612903225806
1660,730,0.05032953864589575,0.03235470341521869,2.0,-1.3170507812500027,-13.549476562500029,3.0,-0.9020117187500011,-12.898976562500014,0.07834101382488479,0.06451612903225806
1661,591,0.056920311563810666,0.03235470341521869,3.0,-1.9331835937500026,-13.292882812500029,3.0,-0.9020117187500011,-12.898976562500014,0.06912442396313365,0.06451612903225806
1662,1380,0.05212702216896345,0.03235470341521869,2.0,-1.2101445312500025,-13.54624218750003,3.0,-0.9020117187500011,-12.898976562500014,0.08294930875576037,0.06451612903225806
1663,691,0.05572198921509886,0.03235470341521869,3.0,-1.8407929687500024,-13.176367187500029,3.0,-0.9020117187500011,-12.898976562500014,0.06912442396313365,0.06451612903225806
1664,1502,0.05452366686638706,0.03235470341521869,2.0,-1.1706367187500024,-13.495242187500029,3.0,-0.9020117187500011,-12.898976562500014,0.08525345622119816,0.06451612903225806
1665,446,0.05392450569203116,0.03235470341521869,3.0,-1.7813984375000025,-13.26370312500003,3.0,-0.9020117187500011,-12.898976562500014,0.06451612903225806,0.06451612903225806
1666,439,0.056920311563810666,0.03235470341521869,2.0,-1.0989726562500026,-13.520117187500029,3.0,-0.9020117187500011,-12.898976562500014,0.08755760368663594,0.06451612903225806
1667,351,0.05572198921509886,0.03235470341521869,3.0,-1.8061914062500026,-13.159085937500029,3.0,-0.9020117187500011,-12.898976562500014,0.06682027649769585,0.06451612903225806
1668,91,0.05152786099460755,0.03235470341521869,2.0,-1.1936992187500026,-13.39630468750003,3.0,-0.9020117187500011,-12.898976562500014,0.08294930875576037,0.06451612903225806
1669,6,0.05811863391252247,0.03235470341521869,3.0,-1.9096132812500026,-13.04883593750003,3.0,-0.9020117187500011,-12.898976562500014,0.07142857142857142,0.06451612903225806
1670,407,0.1773517076093469,0.03235470341521869,4.0,-2.5852695312500025,-12.67714843750003,3.0,-0.9020117187500011,-12.898976562500014,0.1912442396313364,0.06451612903225806
1671,600,0.05811863391252247,0.03235470341521869,3.0,-1.9288671875000025,-13.12278125000003,3.0,-0.9020117187500011,-12.898976562500014,0.07142857142857142,0.06451612903225806
1672,1251,0.048532055122828044,0.03235470341521869,2.0,-1.3777500000000025,-13.41648437500003,3.0,-0.9020117187500011,-12.898976562500014,0.07834101382488479,0.06451612903225806
1673,490,0.05991611743559017,0.03235470341521869,3.0,-1.9798085937500025,-13.08482031250003,3.0,-0.9020117187500011,-12.898976562500014,0.07603686635944701,0.06451612903225806
1674,40,0.04373876572798083,0.03235470341521869,2.0,-1.4907265625000026,-13.38476562500003,3.0,-0.9020117187500011,-12.898976562500014,0.07603686635944701,0.06451612903225806
1675,525,0.0701018573996405,0.03235470341521869,3.0,-2.1364453125000025,-13.02609375000003,3.0,-0.9020117187500011,-12.898976562500014,0.07603686635944701,0.06451612903225806
1676,994,0.046135410425404436,0.03235470341521869,2.0,-1.4339453125000026,-13.34534375000003,3.0,-0.9020117187500011,-12.898976562500014,0.07603686635944701,0.06451612903225806
1677,6,0.07070101857399641,0.03235470341521869,3.0,-2.149859375000003,-12.997875000000029,3.0,-0.9020117187500011,-12.898976562500014,0.07834101382488479,0.06451612903225806
1678,416,0.04254044337926902,0.03235470341521869,2.0,-1.5548007812500027,-13.272382812500028,3.0,-0.9020117187500011,-12.898976562500014,0.07373271889400922,0.06451612903225806
1679,1579,0.0713001797483523,0.03235470341521869,3.0,-2.172468750000003,-12.983265625000028,3.0,-0.9020117187500011,-12.898976562500014,0.07834101382488479,0.06451612903225806
1680,1375,0.04493708807669263,0.03235470341521869,2.0,-1.4075507812500028,-13.231617187500028,3.0,-0.9020117187500011,-12.898976562500014,0.07603686635944701,0.06451612903225806
1681,1158,0.0713001797483523,0.03235470341521869,3.0,-2.114699218750003,-12.931164062500027,3.0,-0.9020117187500011,-12.898976562500014,0.07834101382488479,0.06451612903225806
1682,868,0.04553624925104853,0.03235470341521869,2.0,-1.398257812500003,-13.227375000000027,3.0,-0.9020117187500011,-12.898976562500014,0.07603686635944701,0.06451612903225806
1683,403,0.05811863391252247,0.03235470341521869,3.0,-1.8869453125000029,-13.007640625000027,3.0,-0.9020117187500011,-12.898976562500014,0.07142857142857142,0.06451612903225806
1684,883,0.04973037747153984,0.03235470341521869,2.0,-1.287546875000003,-13.297546875000027,3.0,-0.9020117187500011,-12.898976562500014,0.07834101382488479,0.06451612903225806
1685,1341,0.0683043738765728,0.03235470341521869,3.0,-2.080437500000003,-13.057296875000027,3.0,-0.9020117187500011,-12.898976562500014,0.07603686635944701,0.06451612903225806
1686,598,0.04553624925104853,0.03235470341521869,2.0,-1.4446914062500031,-13.355898437500027,3.0,-0.9020117187500011,-12.898976562500014,0.07603686635944701,0.06451612903225806
1687,591,0.06470940683043738,0.03235470341521869,3.0,-2.060824218750003,-13.099304687500027,3.0,-0.9020117187500011,-12.898976562500014,0.07834101382488479,0.06451612903225806
1688,840,0.04913121629718394,0.03235470341521869,2.0,-1.3282148437500032,-13.398554687500027,3.0,-0.9020117187500011,-12.898976562500014,0.07834101382488479,0.06451612903225806
1689,1158,0.06291192330736968,0.03235470341521869,3.0,-2.035363281250003,-13.098101562500027,3.0,-0.9020117187500011,-12.898976562500014,0.07834101382488479,0.06451612903225806
1690,89,0.04913121629718394,0.03235470341521869,2.0,-1.322566406250003,-13.363976562500026,3.0,-0.9020117187500011,-12.898976562500014,0.07834101382488479,0.06451612903225806
1691,1114,0.25524266027561415,0.03235470341521869,1.0,-0.6659414062500031,-13.529382812500026,3.0,-0.9020117187500011,-12.898976562500014,0.2695852534562212,0.06451612903225806
1692,1372,0.05032953864589575,0.03235470341521869,2.0,-1.2677929687500031,-13.404570312500027,3.0,-0.9020117187500011,-12.898976562500014,0.07834101382488479,0.06451612903225806
1693,117,0.05811863391252247,0.03235470341521869,3.0,-1.9237890625000031,-13.126906250000028,3.0,-0.9020117187500011,-12.898976562500014,0.07142857142857142,0.06451612903225806
1694,1510,0.05512282804074296,0.03235470341521869,2.0,-1.121789062500003,-13.368125000000028,3.0,-0.9020117187500011,-12.898976562500014,0.08525345622119816,0.06451612903225806
1695,920,0.056920311563810666,0.03235470341521869,3.0,-1.865726562500003,-13.154250000000028,3.0,-0.9020117187500011,-12.898976562500014,0.06912442396313365,0.06451612903225806
1696,1209,0.05152786099460755,0.03235470341521869,2.0,-1.239214843750003,-13.448210937500027,3.0,-0.9020117187500011,-12.898976562500014,0.08294930875576037,0.06451612903225806
1697,473,0.05572198921509886,0.03235470341521869,3.0,-1.845421875000003,-13.160703125000028,3.0,-0.9020117187500011,-12.898976562500014,0.06912442396313365,0.06451612903225806
1698,847,0.05452366686638706,0.03235470341521869,2.0,-1.116582031250003,-13.456414062500027,3.0,-0.9020117187500011,-12.898976562500014,0.08525345622119816,0.06451612903225806
1699,1333,0.04134212103055722,0.03235470341521869,3.0,-1.485500000000003,-13.236968750000027,3.0,-0.9020117187500011,-12.898976562500014,0.07142857142857142,0.06451612903225806
1700,1435,0.1378070701018574,0.03235470341521869,4.0,-1.944898437500003,-12.951312500000027,3.0,-0.9020117187500011,-12.898976562500014,0.1382488479262673,0.06451612903225806
1701,982,0.035350509286998205,0.03235470341521869,3.0,-1.2856171875000029,-13.274515625000028,3.0,-0.9020117187500011,-12.898976562500014,0.06451612903225806,0.06451612903225806
1702,6,0.14080287597363692,0.03235470341521869,4.0,-2.001531250000003,-12.927046875000027,3.0,-0.9020117187500011,-12.898976562500014,0.1382488479262673,0.06451612903225806
1703,931,0.03894547633313361,0.03235470341521869,3.0,-1.3703789062500027,-13.218882812500027,3.0,-0.9020117187500011,-12.898976562500014,0.06682027649769585,0.06451612903225806
1704,1115,0.07908927501497903,0.03235470341521869,2.0,-0.7326367187500027,-13.455757812500027,3.0,-0.9020117187500011,-12.898976562500014,0.09907834101382489,0.06451612903225806
1705,462,0.03834631515877771,0.03235470341521869,3.0,-1.3619882812500026,-13.174148437500026,3.0,-0.9020117187500011,-12.898976562500014,0.06682027649769585,0.06451612903225806
1706,1342,0.08148591971240264,0.03235470341521869,2.0,-0.6730468750000026,-13.468281250000025,3.0,-0.9020117187500011,-12.898976562500014,0.09907834101382489,0.06451612903225806
1707,1364,0.03894547633313361,0.03235470341521869,3.0,-1.3604453125000027,-13.205656250000025,3.0,-0.9020117187500011,-12.898976562500014,0.06682027649769585,0.06451612903225806
1708,641,0.08328340323547034,0.03235470341521869,2.0,-0.6316523437500027,-13.499226562500025,3.0,-0.9020117187500011,-12.898976562500014,0.10368663594470046,0.06451612903225806
1709,462,0.035350509286998205,0.03235470341521869,3.0,-1.2610039062500027,-13.217617187500025,3.0,-0.9020117187500011,-12.898976562500014,0.06451612903225806,0.06451612903225806
1710,1485,0.1390053924505692,0.03235470341521869,4.0,-1.8600664062500027,-12.799851562500026,3.0,-0.9020117187500011,-12.898976562500014,0.1382488479262673,0.06451612903225806
1711,1109,0.03714799281006591,0.03235470341521869,3.0,-1.2525859375000028,-13.153015625000025,3.0,-0.9020117187500011,-12.898976562500014,0.06912442396313365,0.06451612903225806
1712,6,0.1431995206710605,0.03235470341521869,4.0,-1.9685000000000028,-12.805546875000026,3.0,-0.9020117187500011,-12.898976562500014,0.14055299539170507,0.06451612903225806
1713,529,0.044337926902336726,0.03235470341521869,3.0,-1.5261367187500028,-13.181132812500026,3.0,-0.9020117187500011,-12.898976562500014,0.07373271889400922,0.06451612903225806
1714,1002,0.07189934092270821,0.03235470341521869,2.0,-0.8156054687500027,-13.439039062500026,3.0,-0.9020117187500011,-12.898976562500014,0.0944700460829493,0.06451612903225806
1715,1013,0.046135410425404436,0.03235470341521869,3.0,-1.5958828125000029,-13.217703125000027,3.0,-0.9020117187500011,-12.898976562500014,0.07373271889400922,0.06451612903225806
1716,598,0.0665068903535051,0.03235470341521869,2.0,-0.9601367187500028,-13.516304687500027,3.0,-0.9020117187500011,-12.898976562500014,0.0944700460829493,0.06451612903225806
1717,1490,0.05392450569203116,0.03235470341521869,3.0,-1.779246093750003,-13.247132812500027,3.0,-0.9020117187500011,-12.898976562500014,0.06451612903225806,0.06451612903225806
1718,994,0.059316956261234274,0.03235470341521869,2.0,-1.076746093750003,-13.566382812500027,3.0,-0.9020117187500011,-12.898976562500014,0.08755760368663594,0.06451612903225806
1719,490,0.05032953864589575,0.03235470341521869,3.0,-1.6788046875000031,-13.234718750000027,3.0,-0.9020117187500011,-12.898976562500014,0.07142857142857142,0.06451612903225806
1720,511,0.06530856800479329,0.03235470341521869,2.0,-0.975234375000003,-13.504781250000027,3.0,-0.9020117187500011,-12.898976562500014,0.09216589861751152,0.06451612903225806
1721,525,0.04913121629718394,0.03235470341521869,3.0,-1.6209531250000029,-13.146109375000027,3.0,-0.9020117187500011,-12.898976562500014,0.07142857142857142,0.06451612903225806
1722,439,0.06530856800479329,0.03235470341521869,2.0,-0.9385273437500029,-13.402523437500026,3.0,-0.9020117187500011,-12.898976562500014,0.09216589861751152,0.06451612903225806
1723,525,0.04973037747153984,0.03235470341521869,3.0,-1.584246093750003,-13.043851562500025,3.0,-0.9020117187500011,-12.898976562500014,0.07142857142857142,0.06451612903225806
1724,948,0.15638106650689035,0.03235470341521869,4.0,-2.216078125000003,-12.730390625000025,3.0,-0.9020117187500011,-12.898976562500014,0.16359447004608296,0.06451612903225806
1725,1251,0.05392450569203116,0.03235470341521869,3.0,-1.6649609375000027,-13.024093750000025,3.0,-0.9020117187500011,-12.898976562500014,0.06451612903225806,0.06451612903225806
1726,838,0.06051527860994608,0.03235470341521869,2.0,-0.9837226562500028,-13.281273437500026,3.0,-0.9020117187500011,-12.898976562500014,0.08755760368663594,0.06451612903225806
1727,609,0.04793289394847214,0.03235470341521869,3.0,-1.5667929687500028,-13.069867187500027,3.0,-0.9020117187500011,-12.898976562500014,0.07603686635944701,0.06451612903225806
1728,409,0.0689035350509287,0.03235470341521869,2.0,-0.8644609375000029,-13.374765625000027,3.0,-0.9020117187500011,-12.898976562500014,0.0944700460829493,0.06451612903225806
1729,775,0.044337926902336726,0.03235470341521869,3.0,-1.5244843750000028,-13.182468750000027,3.0,-0.9020117187500011,-12.898976562500014,0.07373271889400922,0.06451612903225806
1730,1485,0.15218693828639904,0.03235470341521869,4.0,-2.123546875000003,-12.764703125000027,3.0,-0.9020117187500011,-12.898976562500014,0.15668202764976957,0.06451612903225806
1731,1066,0.04733373277411624,0.03235470341521869,3.0,-1.5524023437500027,-13.118679687500027,3.0,-0.9020117187500011,-12.898976562500014,0.07373271889400922,0.06451612903225806
1732,1451,0.07189934092270821,0.03235470341521869,2.0,-0.8131367187500027,-13.418523437500028,3.0,-0.9020117187500011,-12.898976562500014,0.0944700460829493,0.06451612903225806
1733,776,0.04493708807669263,0.03235470341521869,3.0,-1.5453710937500027,-13.206148437500028,3.0,-0.9020117187500011,-12.898976562500014,0.07373271889400922,0.06451612903225806
1734,850,0.07070101857399641,0.03235470341521869,2.0,-0.8953593750000027,-13.509109375000028,3.0,-0.9020117187500011,-12.898976562500014,0.0944700460829493,0.06451612903225806
1735,186,0.04733373277411624,0.03235470341521869,3.0,-1.6540000000000026,-13.299437500000028,3.0,-0.9020117187500011,-12.898976562500014,0.07373271889400922,0.06451612903225806
1736,1119,0.06111443978430198,0.03235470341521869,2.0,-1.0312695312500026,-13.569195312500028,3.0,-0.9020117187500011,-12.898976562500014,0.09216589861751152,0.06451612903225806
1737,1485,0.04913121629718394,0.03235470341521869,3.0,-1.6303320312500027,-13.151429687500029,3.0,-0.9020117187500011,-12.898976562500014,0.07142857142857142,0.06451612903225806
1738,806,0.06051527860994608,0.03235470341521869,2.0,-1.0152734375000028,-13.399468750000029,3.0,-0.9020117187500011,-12.898976562500014,0.08755760368663594,0.06451612903225806
1739,810,0.05572198921509886,0.03235470341521869,3.0,-1.7745507812500028,-13.130335937500028,3.0,-0.9020117187500011,-12.898976562500014,0.06682027649769585,0.06451612903225806
1740,1342,0.05452366686638706,0.03235470341521869,2.0,-1.0856093750000029,-13.424468750000027,3.0,-0.9020117187500011,-12.898976562500014,0.08755760368663594,0.06451612903225806
1741,491,0.2696225284601558,0.03235470341521869,1.0,-0.5871796875000029,-13.564875000000027,3.0,-0.9020117187500011,-12.898976562500014,0.2695852534562212,0.06451612903225806
1742,1396,0.04973037747153984,0.03235470341521869,2.0,-1.2728476562500028,-13.345414062500028,3.0,-0.9020117187500011,-12.898976562500014,0.07834101382488479,0.06451612903225806
1743,473,0.05811863391252247,0.03235470341521869,3.0,-1.879054687500003,-13.057906250000029,3.0,-0.9020117187500011,-12.898976562500014,0.07142857142857142,0.06451612903225806
1744,1251,0.04913121629718394,0.03235470341521869,2.0,-1.3279375000000029,-13.351609375000029,3.0,-0.9020117187500011,-12.898976562500014,0.07834101382488479,0.06451612903225806
1745,1364,0.06111443978430198,0.03235470341521869,3.0,-2.015335937500003,-13.08898437500003,3.0,-0.9020117187500011,-12.898976562500014,0.07834101382488479,0.06451612903225806
1746,491,0.04313960455362492,0.03235470341521869,2.0,-1.516906250000003,-13.229390625000029,3.0,-0.9020117187500011,-12.898976562500014,0.07373271889400922,0.06451612903225806
1747,1171,0.0701018573996405,0.03235470341521869,3.0,-2.069566406250003,-12.962335937500029,3.0,-0.9020117187500011,-12.898976562500014,0.07373271889400922,0.06451612903225806
1748,40,0.04254044337926902,0.03235470341521869,2.0,-1.580484375000003,-13.26228125000003,3.0,-0.9020117187500011,-12.898976562500014,0.07142857142857142,0.06451612903225806
1749,1340,0.07729179149191133,0.03235470341521869,3.0,-2.3854882812500033,-13.01392968750003,3.0,-0.9020117187500011,-12.898976562500014,0.07834101382488479,0.06451612903225806
1750,1119,0.03654883163571001,0.03235470341521869,2.0,-1.7627578125000034,-13.28368750000003,3.0,-0.9020117187500011,-12.898976562500014,0.07142857142857142,0.06451612903225806
1751,83,0.20011983223487118,0.03235470341521869,1.0,-0.9629921875000034,-13.44292187500003,3.0,-0.9020117187500011,-12.898976562500014,0.20967741935483872,0.06451612903225806
1752,633,0.044337926902336726,0.03235470341521869,2.0,-1.4734062500000034,-13.29401562500003,3.0,-0.9020117187500011,-12.898976562500014,0.07373271889400922,0.06451612903225806
1753,1457,0.0701018573996405,0.03235470341521869,3.0,-2.1084257812500034,-13.00338281250003,3.0,-0.9020117187500011,-12.898976562500014,0.07373271889400922,0.06451612903225806
1754,1521,0.04733373277411624,0.03235470341521869,2.0,-1.4042460937500034,-13.34117968750003,3.0,-0.9020117187500011,-12.898976562500014,0.07834101382488479,0.06451612903225806
1755,490,0.06411024565608149,0.03235470341521869,3.0,-2.0063046875000037,-13.00951562500003,3.0,-0.9020117187500011,-12.898976562500014,0.07834101382488479,0.06451612903225806
1756,1480,0.04373876572798083,0.03235470341521869,2.0,-1.4591757812500037,-13.30588281250003,3.0,-0.9020117187500011,-12.898976562500014,0.07603686635944701,0.06451612903225806
1757,1485,0.0701018573996405,0.03235470341521869,3.0,-2.058238281250004,-12.88811718750003,3.0,-0.9020117187500011,-12.898976562500014,0.07603686635944701,0.06451612903225806
1758,937,0.044337926902336726,0.03235470341521869,2.0,-1.433230468750004,-13.219304687500031,3.0,-0.9020117187500011,-12.898976562500014,0.07603686635944701,0.06451612903225806
1759,222,0.06530856800479329,0.03235470341521869,3.0,-1.973035156250004,-12.917851562500031,3.0,-0.9020117187500011,-12.898976562500014,0.07834101382488479,0.06451612903225806
1760,733,0.04733373277411624,0.03235470341521869,2.0,-1.363292968750004,-13.227335937500031,3.0,-0.9020117187500011,-12.898976562500014,0.07834101382488479,0.06451612903225806
1761,1158,0.0701018573996405,0.03235470341521869,3.0,-2.070441406250004,-12.92688281250003,3.0,-0.9020117187500011,-12.898976562500014,0.07373271889400922,0.06451612903225806
1762,1191,0.04313960455362492,0.03235470341521869,2.0,-1.503246093750004,-13.22641406250003,3.0,-0.9020117187500011,-12.898976562500014,0.07373271889400922,0.06451612903225806
1763,1663,0.07249850209706411,0.03235470341521869,3.0,-2.129007812500004,-12.85818750000003,3.0,-0.9020117187500011,-12.898976562500014,0.07834101382488479,0.06451612903225806
1764,1191,0.041941282204913125,0.03235470341521869,2.0,-1.5618125000000038,-13.15771875000003,3.0,-0.9020117187500011,-12.898976562500014,0.07142857142857142,0.06451612903225806
1765,1158,0.07669263031755542,0.03235470341521869,3.0,-2.2689609375000037,-12.857265625000029,3.0,-0.9020117187500011,-12.898976562500014,0.07373271889400922,0.06451612903225806
1766,1143,0.03654883163571001,0.03235470341521869,2.0,-1.7319492187500036,-13.13750781250003,3.0,-0.9020117187500011,-12.898976562500014,0.07142857142857142,0.06451612903225806
1767,1382,0.07968843618933494,0.03235470341521869,3.0,-2.4623593750000037,-12.868453125000029,3.0,-0.9020117187500011,-12.898976562500014,0.08525345622119816,0.06451612903225806
1768,1477,0.035350509286998205,0.03235470341521869,2.0,-2.0262851562500037,-13.171632812500029,3.0,-0.9020117187500011,-12.898976562500014,0.06682027649769585,0.06451612903225806
1769,1663,0.08747753145596165,0.03235470341521869,3.0,-2.6520468750000035,-12.803406250000029,3.0,-0.9020117187500011,-12.898976562500014,0.0944700460829493,0.06451612903225806
1770,1002,0.035350509286998205,0.03235470341521869,2.0,-1.9415156250000034,-13.061312500000028,3.0,-0.9020117187500011,-12.898976562500014,0.06912442396313365,0.06451612903225806
1771,430,0.08388256440982625,0.03235470341521869,3.0,-2.5079648437500035,-12.822882812500028,3.0,-0.9020117187500011,-12.898976562500014,0.08755760368663594,0.06451612903225806
1772,947,0.03654883163571001,0.03235470341521869,2.0,-1.7942304687500035,-13.073695312500028,3.0,-0.9020117187500011,-12.898976562500014,0.06682027649769585,0.06451612903225806
1773,1510,0.19532654284002396,0.03235470341521869,1.0,-0.9922304687500035,-13.314914062500028,3.0,-0.9020117187500011,-12.898976562500014,0.19815668202764977,0.06451612903225806
1774,820,0.040143798681845415,0.03235470341521869,2.0,-1.5942109375000035,-13.146796875000028,3.0,-0.9020117187500011,-12.898976562500014,0.07142857142857142,0.06451612903225806
1775,1589,0.07489514679448772,0.03235470341521869,3.0,-2.2203125000000035,-12.870484375000029,3.0,-0.9020117187500011,-12.898976562500014,0.07373271889400922,0.06451612903225806
1776,1521,0.04313960455362492,0.03235470341521869,2.0,-1.5161328125000035,-13.208281250000029,3.0,-0.9020117187500011,-12.898976562500014,0.07373271889400922,0.06451612903225806
1777,1457,0.07249850209706411,0.03235470341521869,3.0,-2.1511523437500033,-12.917648437500029,3.0,-0.9020117187500011,-12.898976562500014,0.07834101382488479,0.06451612903225806
1778,733,0.04254044337926902,0.03235470341521869,2.0,-1.5414101562500033,-13.22713281250003,3.0,-0.9020117187500011,-12.898976562500014,0.07373271889400922,0.06451612903225806
1779,1485,0.07249850209706411,0.03235470341521869,3.0,-2.1404726562500036,-12.80936718750003,3.0,-0.9020117187500011,-12.898976562500014,0.07834101382488479,0.06451612903225806
1780,1477,0.03654883163571001,0.03235470341521869,2.0,-1.7043984375000036,-13.11254687500003,3.0,-0.9020117187500011,-12.898976562500014,0.07142857142857142,0.06451612903225806
1781,549,0.07908927501497903,0.03235470341521869,3.0,-2.339570312500004,-12.75354687500003,3.0,-0.9020117187500011,-12.898976562500014,0.07834101382488479,0.06451612903225806
1782,935,0.03714799281006591,0.03235470341521869,2.0,-1.7284453125000039,-13.09240625000003,3.0,-0.9020117187500011,-12.898976562500014,0.07142857142857142,0.06451612903225806
1783,1130,0.07549430796884361,0.03235470341521869,3.0,-2.150335937500004,-12.72750000000003,3.0,-0.9020117187500011,-12.898976562500014,0.07373271889400922,0.06451612903225806
1784,169,0.044337926902336726,0.03235470341521869,2.0,-1.3783398437500038,-12.93497656250003,3.0,-0.9020117187500011,-12.898976562500014,0.07373271889400922,0.06451612903225806
1785,6,0.07549430796884361,0.03235470341521869,3.0,-2.094253906250004,-12.587507812500029,3.0,-0.9020117187500011,-12.898976562500014,0.07373271889400922,0.06451612903225806
1786,848,0.04373876572798083,0.03235470341521869,2.0,-1.3677421875000042,-12.87323437500003,3.0,-0.9020117187500011,-12.898976562500014,0.07373271889400922,0.06451612903225806
1787,948,0.07249850209706411,0.03235470341521869,3.0,-1.9995742187500043,-12.559773437500029,3.0,-0.9020117187500011,-12.898976562500014,0.07834101382488479,0.06451612903225806
1788,619,0.03894547633313361,0.03235470341521869,2.0,-1.5129492187500042,-12.86878906250003,3.0,-0.9020117187500011,-12.898976562500014,0.07142857142857142,0.06451612903225806
1789,1510,0.23427201917315757,0.03235470341521869,1.0,-0.7109492187500043,-13.11000781250003,3.0,-0.9020117187500011,-12.898976562500014,0.2465437788018433,0.06451612903225806
1790,824,0.04134212103055722,0.03235470341521869,2.0,-1.4781562500000043,-12.876937500000029,3.0,-0.9020117187500011,-12.898976562500014,0.07142857142857142,0.06451612903225806
1791,25,0.07549430796884361,0.03235470341521869,3.0,-2.1113867187500044,-12.638210937500029,3.0,-0.9020117187500011,-12.898976562500014,0.07373271889400922,0.06451612903225806
1792,1478,0.041941282204913125,0.03235470341521869,2.0,-1.4699570312500043,-12.96983593750003,3.0,-0.9020117187500011,-12.898976562500014,0.07142857142857142,0.06451612903225806
1793,722,0.07489514679448772,0.03235470341521869,3.0,-2.1029531250000044,-12.651265625000029,3.0,-0.9020117187500011,-12.898976562500014,0.07373271889400922,0.06451612903225806
1794,407,0.19952067106051527,0.03235470341521869,4.0,-2.7786093750000047,-12.279578125000029,3.0,-0.9020117187500011,-12.898976562500014,0.2119815668202765,0.06451612903225806
1795,993,0.07729179149191133,0.03235470341521869,3.0,-2.190281250000005,-12.67618750000003,3.0,-0.9020117187500011,-12.898976562500014,0.07373271889400922,0.06451612903225806
1796,869,0.041941282204913125,0.03235470341521869,2.0,-1.4813828125000048,-12.98784375000003,3.0,-0.9020117187500011,-12.898976562500014,0.07142857142857142,0.06451612903225806
1797,112,0.07729179149191133,0.03235470341521869,3.0,-2.2597968750000046,-12.72490625000003,3.0,-0.9020117187500011,-12.898976562500014,0.07834101382488479,0.06451612903225806
1798,1003,0.037747153984421807,0.03235470341521869,2.0,-1.6197929687500046,-13.02172656250003,3.0,-0.9020117187500011,-12.898976562500014,0.07373271889400922,0.06451612903225806
1799,1324,0.07908927501497903,0.03235470341521869,3.0,-2.3811328125000046,-12.77246875000003,3.0,-0.9020117187500011,-12.898976562500014,0.08294930875576037,0.06451612903225806
1800,1375,0.03834631515877771,0.03235470341521869,2.0,-1.6162148437500046,-13.02082031250003,3.0,-0.9020117187500011,-12.898976562500014,0.07373271889400922,0.06451612903225806
1801,403,0.07249850209706411,0.03235470341521869,3.0,-2.1049023437500045,-12.80108593750003,3.0,-0.9020117187500011,-12.898976562500014,0.07834101382488479,0.06451612903225806
1802,1590,0.044337926902336726,0.03235470341521869,2.0,-1.4340390625000046,-13.14493750000003,3.0,-0.9020117187500011,-12.898976562500014,0.07373271889400922,0.06451612903225806
1803,1435,0.06111443978430198,0.03235470341521869,3.0,-1.8934375000000045,-12.859281250000029,3.0,-0.9020117187500011,-12.898976562500014,0.07834101382488479,0.06451612903225806
1804,947,0.05032953864589575,0.03235470341521869,2.0,-1.1797031250000045,-13.11009375000003,3.0,-0.9020117187500011,-12.898976562500014,0.07834101382488479,0.06451612903225806
1805,557,0.06111443978430198,0.03235470341521869,3.0,-1.8964570312500046,-12.87342968750003,3.0,-0.9020117187500011,-12.898976562500014,0.07834101382488479,0.06451612903225806
1806,1554,0.046734571599760334,0.03235470341521869,2.0,-1.3141601562500047,-13.06225781250003,3.0,-0.9020117187500011,-12.898976562500014,0.07834101382488479,0.06451612903225806
1807,606,0.0713001797483523,0.03235470341521869,3.0,-2.054292968750005,-12.817554687500031,3.0,-0.9020117187500011,-12.898976562500014,0.07834101382488479,0.06451612903225806
1808,699,0.04493708807669263,0.03235470341521869,2.0,-1.365003906250005,-13.118648437500031,3.0,-0.9020117187500011,-12.898976562500014,0.07603686635944701,0.06451612903225806
1809,715,0.07249850209706411,0.03235470341521869,3.0,-2.180105468750005,-12.87692968750003,3.0,-0.9020117187500011,-12.898976562500014,0.07834101382488479,0.06451612903225806
1810,1375,0.044337926902336726,0.03235470341521869,2.0,-1.4151875000000051,-13.12528125000003,3.0,-0.9020117187500011,-12.898976562500014,0.07373271889400922,0.06451612903225806
1811,948,0.07070101857399641,0.03235470341521869,3.0,-2.047019531250005,-12.81182031250003,3.0,-0.9020117187500011,-12.898976562500014,0.07834101382488479,0.06451612903225806
1812,1375,0.04793289394847214,0.03235470341521869,2.0,-1.282101562500005,-13.06017187500003,3.0,-0.9020117187500011,-12.898976562500014,0.07834101382488479,0.06451612903225806
1813,491,0.21929298981426004,0.03235470341521869,1.0,-0.783671875000005,-13.20057812500003,3.0,-0.9020117187500011,-12.898976562500014,0.2350230414746544,0.06451612903225806
1814,889,0.04074295985620132,0.03235470341521869,2.0,-1.548839843750005,-13.06100781250003,3.0,-0.9020117187500011,-12.898976562500014,0.07142857142857142,0.06451612903225806
1815,466,0.07908927501497903,0.03235470341521869,3.0,-2.3357148437500053,-12.76975781250003,3.0,-0.9020117187500011,-12.898976562500014,0.07834101382488479,0.06451612903225806
1816,407,0.2043139604553625,0.03235470341521869,4.0,-3.0113710937500056,-12.39807031250003,3.0,-0.9020117187500011,-12.898976562500014,0.21889400921658986,0.06451612903225806
1817,794,0.07789095266626722,0.03235470341521869,3.0,-2.2672148437500055,-12.70888281250003,3.0,-0.9020117187500011,-12.898976562500014,0.07834101382488479,0.06451612903225806
1818,794,0.04134212103055722,0.03235470341521869,2.0,-1.5230585937500054,-13.019695312500032,3.0,-0.9020117187500011,-12.898976562500014,0.07142857142857142,0.06451612903225806
1819,1490,0.07908927501497903,0.03235470341521869,3.0,-2.3421679687500054,-12.750523437500032,3.0,-0.9020117187500011,-12.898976562500014,0.07834101382488479,0.06451612903225806
1820,625,0.03714799281006591,0.03235470341521869,2.0,-1.7487890625000055,-13.028796875000031,3.0,-0.9020117187500011,-12.898976562500014,0.06912442396313365,0.06451612903225806
1821,1579,0.07968843618933494,0.03235470341521869,3.0,-2.3664570312500057,-12.73967968750003,3.0,-0.9020117187500011,-12.898976562500014,0.08294930875576037,0.06451612903225806
1822,1609,0.19113241461953265,0.03235470341521869,4.0,-2.6633125000000057,-12.443765625000031,3.0,-0.9020117187500011,-12.898976562500014,0.20276497695852536,0.06451612903225806
1823,226,0.07189934092270821,0.03235470341521869,3.0,-2.0927578125000057,-12.80857812500003,3.0,-0.9020117187500011,-12.898976562500014,0.07834101382488479,0.06451612903225806
1824,1115,0.04313960455362492,0.03235470341521869,2.0,-1.4550156250000057,-13.04545312500003,3.0,-0.9020117187500011,-12.898976562500014,0.07373271889400922,0.06451612903225806
1825,1324,0.07609346914319952,0.03235470341521869,3.0,-2.216355468750006,-12.79619531250003,3.0,-0.9020117187500011,-12.898976562500014,0.07373271889400922,0.06451612903225806
1826,1533,0.03894547633313361,0.03235470341521869,2.0,-1.627242187500006,-13.11439062500003,3.0,-0.9020117187500011,-12.898976562500014,0.07373271889400922,0.06451612903225806
1827,1609,0.06530856800479329,0.03235470341521869,3.0,-1.924097656250006,-12.818476562500031,3.0,-0.9020117187500011,-12.898976562500014,0.07834101382488479,0.06451612903225806
1828,598,0.048532055122828044,0.03235470341521869,2.0,-1.2883515625000062,-13.117078125000031,3.0,-0.9020117187500011,-12.898976562500014,0.07834101382488479,0.06451612903225806
1829,824,0.0701018573996405,0.03235470341521869,3.0,-2.055558593750006,-12.88400781250003,3.0,-0.9020117187500011,-12.898976562500014,0.07603686635944701,0.06451612903225806
1830,835,0.04313960455362492,0.03235470341521869,2.0,-1.468496093750006,-13.12552343750003,3.0,-0.9020117187500011,-12.898976562500014,0.07373271889400922,0.06451612903225806
1831,799,0.07369682444577591,0.03235470341521869,3.0,-2.209386718750006,-12.88444531250003,3.0,-0.9020117187500011,-12.898976562500014,0.07373271889400922,0.06451612903225806
1832,982,0.041941282204913125,0.03235470341521869,2.0,-1.550105468750006,-13.20764843750003,3.0,-0.9020117187500011,-12.898976562500014,0.07142857142857142,0.06451612903225806
1833,1130,0.0683043738765728,0.03235470341521869,3.0,-1.971996093750006,-12.84274218750003,3.0,-0.9020117187500011,-12.898976562500014,0.07603686635944701,0.06451612903225806
1834,699,0.04973037747153984,0.03235470341521869,2.0,-1.282707031250006,-13.143835937500029,3.0,-0.9020117187500011,-12.898976562500014,0.07834101382488479,0.06451612903225806
1835,407,0.0695026962252846,0.03235470341521869,3.0,-1.958363281250006,-12.772148437500029,3.0,-0.9020117187500011,-12.898976562500014,0.07373271889400922,0.06451612903225806
1836,840,0.04913121629718394,0.03235470341521869,2.0,-1.225753906250006,-13.07139843750003,3.0,-0.9020117187500011,-12.898976562500014,0.07834101382488479,0.06451612903225806
1837,1579,0.06111443978430198,0.03235470341521869,3.0,-1.843421875000006,-12.782281250000029,3.0,-0.9020117187500011,-12.898976562500014,0.07834101382488479,0.06451612903225806
1838,1003,0.04973037747153984,0.03235470341521869,2.0,-1.203417968750006,-13.079101562500028,3.0,-0.9020117187500011,-12.898976562500014,0.07834101382488479,0.06451612903225806
1839,1364,0.06231276213301378,0.03235470341521869,3.0,-1.890816406250006,-12.816476562500029,3.0,-0.9020117187500011,-12.898976562500014,0.07834101382488479,0.06451612903225806
1840,40,0.044337926902336726,0.03235470341521869,2.0,-1.401734375000006,-13.116421875000029,3.0,-0.9020117187500011,-12.898976562500014,0.07603686635944701,0.06451612903225806
1841,180,0.0701018573996405,0.03235470341521869,3.0,-2.036070312500006,-12.885000000000028,3.0,-0.9020117187500011,-12.898976562500014,0.07373271889400922,0.06451612903225806
1842,670,0.04313960455362492,0.03235470341521869,2.0,-1.4991523437500058,-13.161570312500029,3.0,-0.9020117187500011,-12.898976562500014,0.07373271889400922,0.06451612903225806
1843,6,0.07549430796884361,0.03235470341521869,3.0,-2.215066406250006,-12.814101562500028,3.0,-0.9020117187500011,-12.898976562500014,0.07373271889400922,0.06451612903225806
1844,12,0.04254044337926902,0.03235470341521869,2.0,-1.4985976562500058,-13.152117187500028,3.0,-0.9020117187500011,-12.898976562500014,0.07373271889400922,0.06451612903225806
1845,948,0.07249850209706411,0.03235470341521869,3.0,-2.1304296875000057,-12.838656250000028,3.0,-0.9020117187500011,-12.898976562500014,0.07834101382488479,0.06451612903225806
1846,868,0.044337926902336726,0.03235470341521869,2.0,-1.4139882812500058,-13.134867187500028,3.0,-0.9020117187500011,-12.898976562500014,0.07373271889400922,0.06451612903225806
1847,606,0.07249850209706411,0.03235470341521869,3.0,-2.154121093750006,-12.890164062500029,3.0,-0.9020117187500011,-12.898976562500014,0.07834101382488479,0.06451612903225806
1848,1106,0.044337926902336726,0.03235470341521869,2.0,-1.3899296875000058,-13.102296875000029,3.0,-0.9020117187500011,-12.898976562500014,0.07603686635944701,0.06451612903225806
1849,1430,0.0701018573996405,0.03235470341521869,3.0,-2.005328125000006,-12.839109375000028,3.0,-0.9020117187500011,-12.898976562500014,0.07373271889400922,0.06451612903225806
1850,204,0.04553624925104853,0.03235470341521869,2.0,-1.3738359375000058,-13.147015625000028,3.0,-0.9020117187500011,-12.898976562500014,0.07603686635944701,0.06451612903225806
1851,1340,0.07249850209706411,0.03235470341521869,3.0,-2.178839843750006,-12.898664062500028,3.0,-0.9020117187500011,-12.898976562500014,0.07834101382488479,0.06451612903225806
1852,525,0.19292989814260036,0.03235470341521869,4.0,-2.8245585937500057,-12.539992187500028,3.0,-0.9020117187500011,-12.898976562500014,0.2073732718894009,0.06451612903225806
1853,1132,0.07908927501497903,0.03235470341521869,3.0,-2.357546875000006,-12.791921875000028,3.0,-0.9020117187500011,-12.898976562500014,0.07834101382488479,0.06451612903225806
1854,1442,0.03654883163571001,0.03235470341521869,2.0,-1.734199218750006,-13.115945312500028,3.0,-0.9020117187500011,-12.898976562500014,0.07142857142857142,0.06451612903225806
1855,1663,0.07908927501497903,0.03235470341521869,3.0,-2.3599609375000057,-12.747718750000027,3.0,-0.9020117187500011,-12.898976562500014,0.08294930875576037,0.06451612903225806
1856,1451,0.037747153984421807,0.03235470341521869,2.0,-1.6206953125000056,-13.047562500000028,3.0,-0.9020117187500011,-12.898976562500014,0.07373271889400922,0.06451612903225806
1857,1158,0.07908927501497903,0.03235470341521869,3.0,-2.3278437500000058,-12.747109375000027,3.0,-0.9020117187500011,-12.898976562500014,0.07834101382488479,0.06451612903225806
1858,794,0.03894547633313361,0.03235470341521869,2.0,-1.5836875000000057,-13.057921875000028,3.0,-0.9020117187500011,-12.898976562500014,0.07142857142857142,0.06451612903225806
1859,430,0.07249850209706411,0.03235470341521869,3.0,-2.1501367187500056,-12.819492187500028,3.0,-0.9020117187500011,-12.898976562500014,0.07834101382488479,0.06451612903225806
1860,1443,0.04254044337926902,0.03235470341521869,2.0,-1.5107578125000056,-13.137390625000029,3.0,-0.9020117187500011,-12.898976562500014,0.07373271889400922,0.06451612903225806
1861,272,0.07249850209706411,0.03235470341521869,3.0,-2.1695039062500054,-12.890523437500029,3.0,-0.9020117187500011,-12.898976562500014,0.07834101382488479,0.06451612903225806
1862,598,0.04254044337926902,0.03235470341521869,2.0,-1.5337578125000055,-13.189125000000029,3.0,-0.9020117187500011,-12.898976562500014,0.07373271889400922,0.06451612903225806
1863,421,0.07729179149191133,0.03235470341521869,3.0,-2.3204726562500055,-12.92813281250003,3.0,-0.9020117187500011,-12.898976562500014,0.07373271889400922,0.06451612903225806
1864,1177,0.03894547633313361,0.03235470341521869,2.0,-1.6568515625000055,-13.275375000000029,3.0,-0.9020117187500011,-12.898976562500014,0.07142857142857142,0.06451612903225806
1865,1663,0.07669263031755542,0.03235470341521869,3.0,-2.2826132812500055,-12.907148437500028,3.0,-0.9020117187500011,-12.898976562500014,0.07373271889400922,0.06451612903225806
1866,981,0.041941282204913125,0.03235470341521869,2.0,-1.5901015625000054,-13.226937500000028,3.0,-0.9020117187500011,-12.898976562500014,0.07142857142857142,0.06451612903225806
1867,1510,0.22768124625524266,0.03235470341521869,1.0,-0.7881015625000055,-13.468156250000028,3.0,-0.9020117187500011,-12.898976562500014,0.24423963133640553,0.06451612903225806
1868,682,0.04373876572798083,0.03235470341521869,2.0,-1.4671718750000053,-13.336640625000028,3.0,-0.9020117187500011,-12.898976562500014,0.07603686635944701,0.06451612903225806
1869,1485,0.0701018573996405,0.03235470341521869,3.0,-2.0662343750000054,-12.918875000000028,3.0,-0.9020117187500011,-12.898976562500014,0.07373271889400922,0.06451612903225806
1870,1119,0.044337926902336726,0.03235470341521869,2.0,-1.4435039062500055,-13.188632812500028,3.0,-0.9020117187500011,-12.898976562500014,0.07373271889400922,0.06451612903225806
1871,1364,0.0713001797483523,0.03235470341521869,3.0,-2.130902343750005,-12.926007812500028,3.0,-0.9020117187500011,-12.898976562500014,0.07834101382488479,0.06451612903225806
1872,40,0.03894547633313361,0.03235470341521869,2.0,-1.6418203125000053,-13.225953125000029,3.0,-0.9020117187500011,-12.898976562500014,0.07142857142857142,0.06451612903225806
1873,1510,0.21629718394248051,0.03235470341521869,1.0,-0.8398203125000053,-13.467171875000028,3.0,-0.9020117187500011,-12.898976562500014,0.23271889400921658,0.06451612903225806
1874,295,0.041941282204913125,0.03235470341521869,2.0,-1.5960664062500052,-13.342507812500028,3.0,-0.9020117187500011,-12.898976562500014,0.07142857142857142,0.06451612903225806
1875,473,0.0713001797483523,0.03235470341521869,3.0,-2.202273437500005,-13.055000000000028,3.0,-0.9020117187500011,-12.898976562500014,0.07834101382488479,0.06451612903225806
1876,619,0.03894547633313361,0.03235470341521869,2.0,-1.715648437500005,-13.364015625000029,3.0,-0.9020117187500011,-12.898976562500014,0.07373271889400922,0.06451612903225806
1877,1465,0.07908927501497903,0.03235470341521869,3.0,-2.507320312500005,-13.088640625000028,3.0,-0.9020117187500011,-12.898976562500014,0.07834101382488479,0.06451612903225806
1878,1143,0.0347513481126423,0.03235470341521869,2.0,-1.9703085937500049,-13.36888281250003,3.0,-0.9020117187500011,-12.898976562500014,0.06682027649769585,0.06451612903225806
1879,272,0.08028759736369083,0.03235470341521869,3.0,-2.629054687500005,-13.12201562500003,3.0,-0.9020117187500011,-12.898976562500014,0.08755760368663594,0.06451612903225806
1880,1160,0.03714799281006591,0.03235470341521869,2.0,-1.903363281250005,-13.42822656250003,3.0,-0.9020117187500011,-12.898976562500014,0.06912442396313365,0.06451612903225806
1881,421,0.08208508088675853,0.03235470341521869,3.0,-2.6900781250000048,-13.16723437500003,3.0,-0.9020117187500011,-12.898976562500014,0.08755760368663594,0.06451612903225806
1882,1143,0.0347513481126423,0.03235470341521869,2.0,-2.1530664062500047,-13.44747656250003,3.0,-0.9020117187500011,-12.898976562500014,0.06682027649769585,0.06451612903225806
1883,947,0.14499700419412823,0.03235470341521869,1.0,-1.4393320312500046,-13.69828906250003,3.0,-0.9020117187500011,-12.898976562500014,0.14516129032258066,0.06451612903225806
1884,1340,0.035350509286998205,0.03235470341521869,2.0,-2.2443359375000047,-13.449937500000031,3.0,-0.9020117187500011,-12.898976562500014,0.06451612903225806,0.06451612903225806
1885,1559,0.1426003594967046,0.03235470341521869,1.0,-1.4844414062500046,-13.675820312500031,3.0,-0.9020117187500011,-12.898976562500014,0.14055299539170507,0.06451612903225806
1886,122,0.0347513481126423,0.03235470341521869,2.0,-2.0911367187500045,-13.383804687500032,3.0,-0.9020117187500011,-12.898976562500014,0.06682027649769585,0.06451612903225806
1887,1158,0.08687837028160575,0.03235470341521869,3.0,-2.7982851562500044,-13.083351562500031,3.0,-0.9020117187500011,-12.898976562500014,0.0944700460829493,0.06451612903225806
1888,188,0.035350509286998205,0.03235470341521869,2.0,-2.2207031250000044,-13.42796875000003,3.0,-0.9020117187500011,-12.898976562500014,0.06451612903225806,0.06451612903225806
1889,1559,0.1426003594967046,0.03235470341521869,1.0,-1.4608085937500044,-13.65385156250003,3.0,-0.9020117187500011,-12.898976562500014,0.14285714285714285,0.06451612903225806
1890,1457,0.035350509286998205,0.03235470341521869,2.0,-2.095828125000004,-13.36321875000003,3.0,-0.9020117187500011,-12.898976562500014,0.06682027649769585,0.06451612903225806
1891,1579,0.08627920910724984,0.03235470341521869,3.0,-2.7134960937500043,-13.07410156250003,3.0,-0.9020117187500011,-12.898976562500014,0.08986175115207373,0.06451612903225806
1892,740,0.0347513481126423,0.03235470341521869,2.0,-2.240882812500004,-13.31378125000003,3.0,-0.9020117187500011,-12.898976562500014,0.06451612903225806,0.06451612903225806
1893,1106,0.1396045536249251,0.03235470341521869,1.0,-1.476691406250004,-13.52591406250003,3.0,-0.9020117187500011,-12.898976562500014,0.1382488479262673,0.06451612903225806
1894,955,0.0347513481126423,0.03235470341521869,2.0,-2.274906250000004,-13.35746875000003,3.0,-0.9020117187500011,-12.898976562500014,0.06451612903225806,0.06451612903225806
1895,117,0.09107249850209706,0.03235470341521869,3.0,-2.930902343750004,-13.079804687500031,3.0,-0.9020117187500011,-12.898976562500014,0.10138248847926268,0.06451612903225806
1896,941,0.035350509286998205,0.03235470341521869,2.0,-2.313417968750004,-13.418304687500031,3.0,-0.9020117187500011,-12.898976562500014,0.06451612903225806,0.06451612903225806
1897,834,0.09047333732774117,0.03235470341521869,3.0,-2.967308593750004,-13.14850781250003,3.0,-0.9020117187500011,-12.898976562500014,0.10138248847926268,0.06451612903225806
1898,1106,0.035350509286998205,0.03235470341521869,2.0,-2.2031171875000037,-13.36064062500003,3.0,-0.9020117187500011,-12.898976562500014,0.06451612903225806,0.06451612903225806
1899,462,0.08747753145596165,0.03235470341521869,3.0,-2.832468750000004,-13.07903125000003,3.0,-0.9020117187500011,-12.898976562500014,0.0944700460829493,0.06451612903225806
1900,104,0.0347513481126423,0.03235470341521869,2.0,-2.162695312500004,-13.44589062500003,3.0,-0.9020117187500011,-12.898976562500014,0.06682027649769585,0.06451612903225806
1901,83,0.15278609946075494,0.03235470341521869,1.0,-1.3629296875000039,-13.605125000000031,3.0,-0.9020117187500011,-12.898976562500014,0.15207373271889402,0.06451612903225806
1902,1340,0.035350509286998205,0.03235470341521869,2.0,-2.167933593750004,-13.356773437500031,3.0,-0.9020117187500011,-12.898976562500014,0.06682027649769585,0.06451612903225806
1903,1241,0.08747753145596165,0.03235470341521869,3.0,-2.841023437500004,-13.080984375000032,3.0,-0.9020117187500011,-12.898976562500014,0.0944700460829493,0.06451612903225806
1904,232,0.035350509286998205,0.03235470341521869,2.0,-2.1089296875000043,-13.389906250000031,3.0,-0.9020117187500011,-12.898976562500014,0.06682027649769585,0.06451612903225806
1905,1554,0.1390053924505692,0.03235470341521869,1.0,-1.5266328125000044,-13.578734375000032,3.0,-0.9020117187500011,-12.898976562500014,0.1382488479262673,0.06451612903225806
1906,1215,0.0341521869382864,0.03235470341521869,2.0,-2.010906250000004,-13.447468750000033,3.0,-0.9020117187500011,-12.898976562500014,0.06682027649769585,0.06451612903225806
1907,405,0.07908927501497903,0.03235470341521869,3.0,-2.565789062500004,-13.178828125000033,3.0,-0.9020117187500011,-12.898976562500014,0.07834101382488479,0.06451612903225806
1908,832,0.03714799281006591,0.03235470341521869,2.0,-1.9042851562500038,-13.486632812500034,3.0,-0.9020117187500011,-12.898976562500014,0.07142857142857142,0.06451612903225806
1909,1589,0.07789095266626722,0.03235470341521869,3.0,-2.530386718750004,-13.210320312500034,3.0,-0.9020117187500011,-12.898976562500014,0.07603686635944701,0.06451612903225806
1910,871,0.03714799281006591,0.03235470341521869,2.0,-1.9263125000000039,-13.536140625000034,3.0,-0.9020117187500011,-12.898976562500014,0.07142857142857142,0.06451612903225806
1911,6,0.07968843618933494,0.03235470341521869,3.0,-2.642226562500004,-13.188671875000033,3.0,-0.9020117187500011,-12.898976562500014,0.08525345622119816,0.06451612903225806
1912,1132,0.035350509286998205,0.03235470341521869,2.0,-2.1752148437500036,-13.440601562500033,3.0,-0.9020117187500011,-12.898976562500014,0.06682027649769585,0.06451612903225806
1913,1589,0.08687837028160575,0.03235470341521869,3.0,-2.8013164062500038,-13.164289062500034,3.0,-0.9020117187500011,-12.898976562500014,0.0944700460829493,0.06451612903225806
1914,778,0.035350509286998205,0.03235470341521869,2.0,-2.1427304687500035,-13.446195312500034,3.0,-0.9020117187500011,-12.898976562500014,0.06682027649769585,0.06451612903225806
1915,1457,0.08627920910724984,0.03235470341521869,3.0,-2.7777500000000037,-13.155562500000034,3.0,-0.9020117187500011,-12.898976562500014,0.0944700460829493,0.06451612903225806
1916,83,0.0341521869382864,0.03235470341521869,2.0,-1.9779843750000037,-13.314796875000035,3.0,-0.9020117187500011,-12.898976562500014,0.06682027649769585,0.06451612903225806
1917,117,0.08328340323547034,0.03235470341521869,3.0,-2.6339804687500035,-13.037132812500035,3.0,-0.9020117187500011,-12.898976562500014,0.08755760368663594,0.06451612903225806
1918,1613,0.035350509286998205,0.03235470341521869,2.0,-2.1383554687500035,-13.283414062500036,3.0,-0.9020117187500011,-12.898976562500014,0.06682027649769585,0.06451612903225806
1919,525,0.08807669263031756,0.03235470341521869,3.0,-2.7840742187500034,-12.924742187500035,3.0,-0.9020117187500011,-12.898976562500014,0.0967741935483871,0.06451612903225806
1920,947,0.035350509286998205,0.03235470341521869,2.0,-2.0703398437500034,-13.175554687500036,3.0,-0.9020117187500011,-12.898976562500014,0.06682027649769585,0.06451612903225806
1921,466,0.09107249850209706,0.03235470341521869,3.0,-2.857214843750003,-12.884304687500036,3.0,-0.9020117187500011,-12.898976562500014,0.10368663594470046,0.06451612903225806
1922,1191,0.0347513481126423,0.03235470341521869,2.0,-2.290019531250003,-13.183835937500035,3.0,-0.9020117187500011,-12.898976562500014,0.06221198156682028,0.06451612903225806
1923,530,0.09586578789694428,0.03235470341521869,3.0,-2.849519531250003,-12.747085937500035,3.0,-0.9020117187500011,-12.898976562500014,0.10599078341013825,0.06451612903225806
1924,942,0.0347513481126423,0.03235470341521869,2.0,-2.161121093750003,-13.091289062500035,3.0,-0.9020117187500011,-12.898976562500014,0.06451612903225806,0.06451612903225806
1925,1579,0.09047333732774117,0.03235470341521869,3.0,-2.778789062500003,-12.802171875000035,3.0,-0.9020117187500011,-12.898976562500014,0.10368663594470046,0.06451612903225806
1926,1422,0.035350509286998205,0.03235470341521869,2.0,-2.020906250000003,-13.067078125000034,3.0,-0.9020117187500011,-12.898976562500014,0.06682027649769585,0.06451612903225806
1927,1609,0.07849011384062313,0.03235470341521869,3.0,-2.317761718750003,-12.771164062500034,3.0,-0.9020117187500011,-12.898976562500014,0.07834101382488479,0.06451612903225806
1928,994,0.03894547633313361,0.03235470341521869,2.0,-1.6152617187500031,-13.090414062500034,3.0,-0.9020117187500011,-12.898976562500014,0.07373271889400922,0.06451612903225806
1929,83,0.21390053924505692,0.03235470341521869,1.0,-0.8154960937500031,-13.249648437500035,3.0,-0.9020117187500011,-12.898976562500014,0.22811059907834103,0.06451612903225806
1930,241,0.041941282204913125,0.03235470341521869,2.0,-1.491785156250003,-13.027882812500035,3.0,-0.9020117187500011,-12.898976562500014,0.07142857142857142,0.06451612903225806
1931,430,0.07189934092270821,0.03235470341521869,3.0,-2.058234375000003,-12.789453125000035,3.0,-0.9020117187500011,-12.898976562500014,0.07834101382488479,0.06451612903225806
1932,1115,0.04373876572798083,0.03235470341521869,2.0,-1.4204921875000032,-13.026328125000035,3.0,-0.9020117187500011,-12.898976562500014,0.07373271889400922,0.06451612903225806
1933,1559,0.2468544038346315,0.03235470341521869,1.0,-0.6605976562500031,-13.252210937500035,3.0,-0.9020117187500011,-12.898976562500014,0.2626728110599078,0.06451612903225806
1934,308,0.04913121629718394,0.03235470341521869,2.0,-1.215042968750003,-13.021585937500035,3.0,-0.9020117187500011,-12.898976562500014,0.07834101382488479,0.06451612903225806
1935,207,0.05811863391252247,0.03235470341521869,3.0,-1.735789062500003,-12.717218750000034,3.0,-0.9020117187500011,-12.898976562500014,0.07603686635944701,0.06451612903225806
1936,1380,0.05512282804074296,0.03235470341521869,2.0,-1.012750000000003,-12.970578125000035,3.0,-0.9020117187500011,-12.898976562500014,0.08525345622119816,0.06451612903225806
1937,891,0.056920311563810666,0.03235470341521869,3.0,-1.700218750000003,-12.753375000000036,3.0,-0.9020117187500011,-12.898976562500014,0.07142857142857142,0.06451612903225806
1938,1122,0.04913121629718394,0.03235470341521869,2.0,-1.223144531250003,-13.048382812500035,3.0,-0.9020117187500011,-12.898976562500014,0.07834101382488479,0.06451612903225806
1939,462,0.061713600958657876,0.03235470341521869,3.0,-1.852496093750003,-12.766773437500035,3.0,-0.9020117187500011,-12.898976562500014,0.07834101382488479,0.06451612903225806
1940,1559,0.050928699820251645,0.03235470341521869,2.0,-1.092601562500003,-12.992656250000035,3.0,-0.9020117187500011,-12.898976562500014,0.08294930875576037,0.06451612903225806
1941,1013,0.06351108448172559,0.03235470341521869,3.0,-1.872878906250003,-12.771320312500036,3.0,-0.9020117187500011,-12.898976562500014,0.07834101382488479,0.06451612903225806
1942,1110,0.04973037747153984,0.03235470341521869,2.0,-1.2281757812500032,-13.097914062500037,3.0,-0.9020117187500011,-12.898976562500014,0.07834101382488479,0.06451612903225806
1943,1435,0.056920311563810666,0.03235470341521869,3.0,-1.6875742187500031,-12.812257812500036,3.0,-0.9020117187500011,-12.898976562500014,0.06912442396313365,0.06451612903225806
1944,491,0.04913121629718394,0.03235470341521869,2.0,-1.1891445312500033,-12.952664062500036,3.0,-0.9020117187500011,-12.898976562500014,0.07834101382488479,0.06451612903225806
1945,1220,0.05991611743559017,0.03235470341521869,3.0,-1.7950820312500033,-12.728523437500035,3.0,-0.9020117187500011,-12.898976562500014,0.07834101382488479,0.06451612903225806
1946,947,0.050928699820251645,0.03235470341521869,2.0,-1.0813476562500033,-12.979335937500036,3.0,-0.9020117187500011,-12.898976562500014,0.08294930875576037,0.06451612903225806
1947,715,0.0665068903535051,0.03235470341521869,3.0,-1.8964492187500033,-12.737617187500035,3.0,-0.9020117187500011,-12.898976562500014,0.07834101382488479,0.06451612903225806
1948,1342,0.04973037747153984,0.03235470341521869,2.0,-1.2075078125000034,-13.031750000000034,3.0,-0.9020117187500011,-12.898976562500014,0.07834101382488479,0.06451612903225806
1949,421,0.0701018573996405,0.03235470341521869,3.0,-1.9942226562500034,-12.770757812500035,3.0,-0.9020117187500011,-12.898976562500014,0.07834101382488479,0.06451612903225806
1950,1191,0.04373876572798083,0.03235470341521869,2.0,-1.4270273437500034,-13.070289062500034,3.0,-0.9020117187500011,-12.898976562500014,0.07373271889400922,0.06451612903225806
1951,1382,0.07309766327142002,0.03235470341521869,3.0,-2.1574375000000034,-12.801234375000034,3.0,-0.9020117187500011,-12.898976562500014,0.07373271889400922,0.06451612903225806
1952,691,0.19472738166566805,0.03235470341521869,4.0,-2.7880859375000036,-12.431359375000033,3.0,-0.9020117187500011,-12.898976562500014,0.2073732718894009,0.06451612903225806
1953,420,0.07908927501497903,0.03235470341521869,3.0,-2.3733125000000035,-12.829671875000033,3.0,-0.9020117187500011,-12.898976562500014,0.07834101382488479,0.06451612903225806
1954,1122,0.0341521869382864,0.03235470341521869,2.0,-1.8962382812500036,-13.124679687500032,3.0,-0.9020117187500011,-12.898976562500014,0.06682027649769585,0.06451612903225806
1955,462,0.08388256440982625,0.03235470341521869,3.0,-2.5255898437500033,-12.843070312500032,3.0,-0.9020117187500011,-12.898976562500014,0.08755760368663594,0.06451612903225806
1956,1590,0.03714799281006591,0.03235470341521869,2.0,-1.8547265625000033,-13.186921875000031,3.0,-0.9020117187500011,-12.898976562500014,0.06682027649769585,0.06451612903225806
1957,122,0.07968843618933494,0.03235470341521869,3.0,-2.461421875000003,-12.894906250000032,3.0,-0.9020117187500011,-12.898976562500014,0.08294930875576037,0.06451612903225806
1958,1144,0.035949670461354104,0.03235470341521869,2.0,-1.8513476562500033,-13.214117187500031,3.0,-0.9020117187500011,-12.898976562500014,0.06682027649769585,0.06451612903225806
1959,722,0.07968843618933494,0.03235470341521869,3.0,-2.4843437500000034,-12.895546875000031,3.0,-0.9020117187500011,-12.898976562500014,0.08525345622119816,0.06451612903225806
1960,740,0.035350509286998205,0.03235470341521869,2.0,-2.0117304687500033,-13.135226562500032,3.0,-0.9020117187500011,-12.898976562500014,0.06682027649769585,0.06451612903225806
1961,948,0.08687837028160575,0.03235470341521869,3.0,-2.6435625000000034,-12.821765625000031,3.0,-0.9020117187500011,-12.898976562500014,0.0944700460829493,0.06451612903225806
1962,1554,0.0347513481126423,0.03235470341521869,2.0,-2.0612656250000034,-13.010593750000032,3.0,-0.9020117187500011,-12.898976562500014,0.06451612903225806,0.06451612903225806
1963,222,0.08687837028160575,0.03235470341521869,3.0,-2.6010703125000036,-12.709140625000032,3.0,-0.9020117187500011,-12.898976562500014,0.0944700460829493,0.06451612903225806
1964,1443,0.0347513481126423,0.03235470341521869,2.0,-1.9616914062500037,-13.027039062500032,3.0,-0.9020117187500011,-12.898976562500014,0.06682027649769585,0.06451612903225806
1965,730,0.1390053924505692,0.03235470341521869,1.0,-1.4411171875000037,-13.234734375000032,3.0,-0.9020117187500011,-12.898976562500014,0.1382488479262673,0.06451612903225806
1966,1457,0.0347513481126423,0.03235470341521869,2.0,-2.0761367187500035,-12.944101562500032,3.0,-0.9020117187500011,-12.898976562500014,0.06451612903225806,0.06451612903225806
1967,1375,0.14859197124026363,0.03235470341521869,1.0,-1.3112187500000034,-13.192453125000032,3.0,-0.9020117187500011,-12.898976562500014,0.14746543778801843,0.06451612903225806
1968,186,0.035350509286998205,0.03235470341521869,2.0,-2.0698593750000036,-12.982781250000032,3.0,-0.9020117187500011,-12.898976562500014,0.06451612903225806,0.06451612903225806
1969,407,0.09526662672258837,0.03235470341521869,3.0,-2.745515625000004,-12.611093750000032,3.0,-0.9020117187500011,-12.898976562500014,0.10599078341013825,0.06451612903225806
1970,625,0.0347513481126423,0.03235470341521869,2.0,-2.152136718750004,-12.889367187500032,3.0,-0.9020117187500011,-12.898976562500014,0.06221198156682028,0.06451612903225806
1971,117,0.1030557219892151,0.03235470341521869,3.0,-2.808132812500004,-12.611703125000032,3.0,-0.9020117187500011,-12.898976562500014,0.11059907834101383,0.06451612903225806
1972,1257,0.035350509286998205,0.03235470341521869,2.0,-2.1234140625000038,-12.917703125000031,3.0,-0.9020117187500011,-12.898976562500014,0.06451612903225806,0.06451612903225806
1973,834,0.09526662672258837,0.03235470341521869,3.0,-2.7773046875000036,-12.64790625000003,3.0,-0.9020117187500011,-12.898976562500014,0.10599078341013825,0.06451612903225806
1974,598,0.035350509286998205,0.03235470341521869,2.0,-2.1415585937500037,-12.94650781250003,3.0,-0.9020117187500011,-12.898976562500014,0.06451612903225806,0.06451612903225806
1975,1333,0.08627920910724984,0.03235470341521869,3.0,-2.5104765625000036,-12.72706250000003,3.0,-0.9020117187500011,-12.898976562500014,0.08986175115207373,0.06451612903225806
1976,94,0.0341521869382864,0.03235470341521869,2.0,-1.9164101562500035,-13.049007812500031,3.0,-0.9020117187500011,-12.898976562500014,0.06912442396313365,0.06451612903225806
1977,91,0.15158777711204313,0.03235470341521869,1.0,-1.3039179687500035,-13.286226562500032,3.0,-0.9020117187500011,-12.898976562500014,0.1497695852534562,0.06451612903225806
1978,1212,0.035350509286998205,0.03235470341521869,2.0,-1.9796054687500035,-13.105867187500031,3.0,-0.9020117187500011,-12.898976562500014,0.06682027649769585,0.06451612903225806
1979,1382,0.08747753145596165,0.03235470341521869,3.0,-2.7100156250000036,-12.83681250000003,3.0,-0.9020117187500011,-12.898976562500014,0.0967741935483871,0.06451612903225806
1980,1380,0.0347513481126423,0.03235470341521869,2.0,-1.9869765625000035,-13.090171875000031,3.0,-0.9020117187500011,-12.898976562500014,0.06682027649769585,0.06451612903225806
1981,1114,0.14619532654284004,0.03235470341521869,1.0,-1.3303515625000035,-13.255578125000032,3.0,-0.9020117187500011,-12.898976562500014,0.14746543778801843,0.06451612903225806
1982,1130,0.03714799281006591,0.03235470341521869,2.0,-1.7522421875000036,-12.89067187500003,3.0,-0.9020117187500011,-12.898976562500014,0.06682027649769585,0.06451612903225806
1983,308,0.07968843618933494,0.03235470341521869,3.0,-2.3066875000000033,-12.660046875000031,3.0,-0.9020117187500011,-12.898976562500014,0.08064516129032258,0.06451612903225806
1984,719,0.03894547633313361,0.03235470341521869,2.0,-1.5678007812500034,-13.011148437500031,3.0,-0.9020117187500011,-12.898976562500014,0.07142857142857142,0.06451612903225806
1985,222,0.07309766327142002,0.03235470341521869,3.0,-2.1076054687500037,-12.709695312500031,3.0,-0.9020117187500011,-12.898976562500014,0.07373271889400922,0.06451612903225806
1986,982,0.04313960455362492,0.03235470341521869,2.0,-1.4483242187500036,-13.03289843750003,3.0,-0.9020117187500011,-12.898976562500014,0.07373271889400922,0.06451612903225806
1987,1171,0.07070101857399641,0.03235470341521869,3.0,-2.0009843750000034,-12.76584375000003,3.0,-0.9020117187500011,-12.898976562500014,0.07834101382488479,0.06451612903225806
1988,40,0.041941282204913125,0.03235470341521869,2.0,-1.5119023437500034,-13.06578906250003,3.0,-0.9020117187500011,-12.898976562500014,0.07142857142857142,0.06451612903225806
1989,308,0.0713001797483523,0.03235470341521869,3.0,-2.066347656250003,-12.83516406250003,3.0,-0.9020117187500011,-12.898976562500014,0.07834101382488479,0.06451612903225806
1990,982,0.04373876572798083,0.03235470341521869,2.0,-1.4070664062500031,-13.15836718750003,3.0,-0.9020117187500011,-12.898976562500014,0.07603686635944701,0.06451612903225806
1991,834,0.0701018573996405,0.03235470341521869,3.0,-2.060957031250003,-12.888570312500029,3.0,-0.9020117187500011,-12.898976562500014,0.07603686635944701,0.06451612903225806
1992,1480,0.04254044337926902,0.03235470341521869,2.0,-1.5138281250000032,-13.184937500000029,3.0,-0.9020117187500011,-12.898976562500014,0.07373271889400922,0.06451612903225806
1993,1339,0.07669263031755542,0.03235470341521869,3.0,-2.306152343750003,-12.921445312500028,3.0,-0.9020117187500011,-12.898976562500014,0.07373271889400922,0.06451612903225806
1994,94,0.03714799281006591,0.03235470341521869,2.0,-1.712085937500003,-13.243390625000028,3.0,-0.9020117187500011,-12.898976562500014,0.07373271889400922,0.06451612903225806
1995,122,0.07669263031755542,0.03235470341521869,3.0,-2.318781250000003,-12.951375000000029,3.0,-0.9020117187500011,-12.898976562500014,0.07373271889400922,0.06451612903225806
1996,794,0.041941282204913125,0.03235470341521869,2.0,-1.5746250000000028,-13.26218750000003,3.0,-0.9020117187500011,-12.898976562500014,0.07142857142857142,0.06451612903225806
1997,122,0.07249850209706411,0.03235470341521869,3.0,-2.1813203125000027,-12.97017187500003,3.0,-0.9020117187500011,-12.898976562500014,0.07834101382488479,0.06451612903225806
1998,340,0.04254044337926902,0.03235470341521869,2.0,-1.5917304687500027,-13.283914062500031,3.0,-0.9020117187500011,-12.898976562500014,0.07142857142857142,0.06451612903225806
1999,421,0.07729179149191133,0.03235470341521869,3.0,-2.378445312500003,-13.022921875000032,3.0,-0.9020117187500011,-12.898976562500014,0.07373271889400922,0.06451612903225806
2000,793,0.040143798681845415,0.03235470341521869,2.0,-1.622472656250003,-13.263523437500032,3.0,-0.9020117187500011,-12.898976562500014,0.07142857142857142,0.06451612903225806
